normalized_nickname_key,display_nickname_examples,irc_syntax_status,irc_syntax_invalid_examples,registered_in_2002_cadastros,cadastro_segments,cadastro_record_ids,operator_or_master,operator_access_levels,operator_source_records,present_in_ircontro,ircontro_event_ids,ircontro_event_names,ircontro_source_records,participation_profile,evidence_scope,privacy_scope,notes
--_hulk_--,>>>>--> HULK <--<<<<,no_examples_valid,>>>>--> HULK <--<<<<,true,male,cb_20021128_0077,false,,,false,,,,registered_only,historical_nickname_level_only,no_civil_identity_inference,"This index joins nickname-level evidence only. It does not infer civil identity, residence or private relationships."
-snie_-_kca,=====->ŠÑÎÞË® - KßÇÅ,no_examples_valid,=====->ŠÑÎÞË® - KßÇÅ,true,male,cb_20021128_0076,false,,,false,,,,registered_only,historical_nickname_level_only,no_civil_identity_inference,"This index joins nickname-level evidence only. It does not infer civil identity, residence or private relationships."
-spac-,__-SpAc-__,all_examples_valid,,true,male,cb_20021128_0048,false,,,false,,,,registered_only,historical_nickname_level_only,no_civil_identity_inference,"This index joins nickname-level evidence only. It does not infer civil identity, residence or private relationships."
12|_a_n_g_e_l_|,¹²»|« A N G E L ®»|«,no_examples_valid,¹²»|« A N G E L ®»|«,true,male,cb_20021128_0081,false,,,false,,,,registered_only,historical_nickname_level_only,no_civil_identity_inference,"This index joins nickname-level evidence only. It does not infer civil identity, residence or private relationships."
[-piper-],[-Piper-],all_examples_valid,,true,female,cb_20021128_0976,false,,,false,,,,registered_only,historical_nickname_level_only,no_civil_identity_inference,"This index joins nickname-level evidence only. It does not infer civil identity, residence or private relationships."
[^princesinha^],[^PrinceSinha^],all_examples_valid,,true,female,cb_20021128_0973,false,,,false,,,,registered_only,historical_nickname_level_only,no_civil_identity_inference,"This index joins nickname-level evidence only. It does not infer civil identity, residence or private relationships."
[_ariel_],[_Ariel_],all_examples_valid,,true,female,cb_20021128_0974,false,,,false,,,,registered_only,historical_nickname_level_only,no_civil_identity_inference,"This index joins nickname-level evidence only. It does not infer civil identity, residence or private relationships."
[aviator-rj-barra],[Aviator-RJ-Barra],all_examples_valid,,true,male,cb_20021128_0031,false,,,false,,,,registered_only,historical_nickname_level_only,no_civil_identity_inference,"This index joins nickname-level evidence only. It does not infer civil identity, residence or private relationships."
[cray`],[Cray`],all_examples_valid,,true,male,cb_20021128_0032,false,,,false,,,,registered_only,historical_nickname_level_only,no_civil_identity_inference,"This index joins nickname-level evidence only. It does not infer civil identity, residence or private relationships."
[david],[DAVID],all_examples_valid,,true,male,cb_20021128_0033,false,,,false,,,,registered_only,historical_nickname_level_only,no_civil_identity_inference,"This index joins nickname-level evidence only. It does not infer civil identity, residence or private relationships."
[ddexterr],[DDeXTerr],all_examples_valid,,true,male,cb_20021128_0034,false,,,false,,,,registered_only,historical_nickname_level_only,no_civil_identity_inference,"This index joins nickname-level evidence only. It does not infer civil identity, residence or private relationships."
[extasy-rj],[ExTaSy-RJ],all_examples_valid,,true,male,cb_20021128_0035,false,,,false,,,,registered_only,historical_nickname_level_only,no_civil_identity_inference,"This index joins nickname-level evidence only. It does not infer civil identity, residence or private relationships."
[gato_moreno],[GATO_MORENO],all_examples_valid,,true,male,cb_20021128_0036,false,,,false,,,,registered_only,historical_nickname_level_only,no_civil_identity_inference,"This index joins nickname-level evidence only. It does not infer civil identity, residence or private relationships."
[junior`],[Junior`],all_examples_valid,,true,male,cb_20021128_0037,false,,,false,,,,registered_only,historical_nickname_level_only,no_civil_identity_inference,"This index joins nickname-level evidence only. It does not infer civil identity, residence or private relationships."
[leo-rj],[leo-rj],all_examples_valid,,true,male,cb_20021128_0038,false,,,false,,,,registered_only,historical_nickname_level_only,no_civil_identity_inference,"This index joins nickname-level evidence only. It does not infer civil identity, residence or private relationships."
[marcao_dispo],[MaRcAO_DiSpO],all_examples_valid,,true,male,cb_20021128_0039,false,,,false,,,,registered_only,historical_nickname_level_only,no_civil_identity_inference,"This index joins nickname-level evidence only. It does not infer civil identity, residence or private relationships."
[p9]-gato_barra[ws],[P9]-Gato_Barra[Ws],all_examples_valid,,true,male,cb_20021128_0040,false,,,false,,,,registered_only,historical_nickname_level_only,no_civil_identity_inference,"This index joins nickname-level evidence only. It does not infer civil identity, residence or private relationships."
[paulinha_gsp],[Paulinha_GsP],all_examples_valid,,true,female,cb_20021128_0975,false,,,false,,,,registered_only,historical_nickname_level_only,no_civil_identity_inference,"This index joins nickname-level evidence only. It does not infer civil identity, residence or private relationships."
[ws]_jota-jota_[bs],[Ws]_JoTa-jOtA_[BS],all_examples_valid,,true,male,cb_20021128_0041,false,,,false,,,,registered_only,historical_nickname_level_only,no_civil_identity_inference,"This index joins nickname-level evidence only. It does not infer civil identity, residence or private relationships."
^anjinha-rj^,^Anjinha-Rj^,all_examples_valid,,true,female,cb_20021128_0977,false,,,false,,,,registered_only,historical_nickname_level_only,no_civil_identity_inference,"This index joins nickname-level evidence only. It does not infer civil identity, residence or private relationships."
^biazinha^,^BiAzInHa^,all_examples_valid,,true,female,cb_20021128_0978,false,,,false,,,,registered_only,historical_nickname_level_only,no_civil_identity_inference,"This index joins nickname-level evidence only. It does not infer civil identity, residence or private relationships."
^hunter^,_^HUNTER^_,all_examples_valid,,true,male,cb_20021128_0044,false,,,false,,,,registered_only,historical_nickname_level_only,no_civil_identity_inference,"This index joins nickname-level evidence only. It does not infer civil identity, residence or private relationships."
^nanas^,^nanas^,all_examples_valid,,true,female,cb_20021128_0979,false,,,false,,,,registered_only,historical_nickname_level_only,no_civil_identity_inference,"This index joins nickname-level evidence only. It does not infer civil identity, residence or private relationships."
^paulinhagump^^,*^PaulinhaGump^^,no_examples_valid,*^PaulinhaGump^^,true,female,cb_20021128_0970,false,,,false,,,,registered_only,historical_nickname_level_only,no_civil_identity_inference,"This index joins nickname-level evidence only. It does not infer civil identity, residence or private relationships."
^samy^,^samy^,all_examples_valid,,false,,,true,,cb_access_200012_012,false,,,,operator_only,historical_nickname_level_only,no_civil_identity_inference,"This index joins nickname-level evidence only. It does not infer civil identity, residence or private relationships."
^xandy_rj^,^XanDy_RJ^,all_examples_valid,,true,male,cb_20021128_0043,false,,,false,,,,registered_only,historical_nickname_level_only,no_civil_identity_inference,"This index joins nickname-level evidence only. It does not infer civil identity, residence or private relationships."
^{oo|gaz|oo}^,^{oO|GAZ|Oo}^,all_examples_valid,,true,male,cb_20021128_0042,false,,,false,,,,registered_only,historical_nickname_level_only,no_civil_identity_inference,"This index joins nickname-level evidence only. It does not infer civil identity, residence or private relationships."
`florzinha`sk8`,`FLorZinHa`Sk8`,all_examples_valid,,true,female,cb_20021128_0989,false,,,false,,,,registered_only,historical_nickname_level_only,no_civil_identity_inference,"This index joins nickname-level evidence only. It does not infer civil identity, residence or private relationships."
`kathryn-copa`,`kathryn-copa`,all_examples_valid,,true,female,cb_20021128_0990,false,,,false,,,,registered_only,historical_nickname_level_only,no_civil_identity_inference,"This index joins nickname-level evidence only. It does not infer civil identity, residence or private relationships."
a-arthuzinhu-bcs-bob,A-Arthuzinhu-BcS-BoB,all_examples_valid,,true,male,cb_20021128_0083,false,,,false,,,,registered_only,historical_nickname_level_only,no_civil_identity_inference,"This index joins nickname-level evidence only. It does not infer civil identity, residence or private relationships."
a-bella,A-BELLA,all_examples_valid,,true,female,cb_20021128_1007,false,,,false,,,,registered_only,historical_nickname_level_only,no_civil_identity_inference,"This index joins nickname-level evidence only. It does not infer civil identity, residence or private relationships."
a_carioca_21,A_CARIOCA_21,all_examples_valid,,true,female,cb_20021128_1001,false,,,false,,,,registered_only,historical_nickname_level_only,no_civil_identity_inference,"This index joins nickname-level evidence only. It does not infer civil identity, residence or private relationships."
a_carioquinha_da_barra,a_carioquinha_da_barra,all_examples_valid,,false,,,true,,cb_access_200012_021,false,,,,operator_only,historical_nickname_level_only,no_civil_identity_inference,"This index joins nickname-level evidence only. It does not infer civil identity, residence or private relationships."
a_ciclista,A_Ciclista,all_examples_valid,,true,female,cb_20021128_1002,false,,,false,,,,registered_only,historical_nickname_level_only,no_civil_identity_inference,"This index joins nickname-level evidence only. It does not infer civil identity, residence or private relationships."
a_gota_cerol_fininho,A_GOTA_Cerol_Fininho,all_examples_valid,,true,male,cb_20021128_0082,false,,,false,,,,registered_only,historical_nickname_level_only,no_civil_identity_inference,"This index joins nickname-level evidence only. It does not infer civil identity, residence or private relationships."
a_sedutora,A_Sedutora_,all_examples_valid,,true,female,cb_20021128_1003,false,,,false,,,,registered_only,historical_nickname_level_only,no_civil_identity_inference,"This index joins nickname-level evidence only. It does not infer civil identity, residence or private relationships."
aak_lua,AAK_LUA,all_examples_valid,,true,female,cb_20021128_1004,false,,,false,,,,registered_only,historical_nickname_level_only,no_civil_identity_inference,"This index joins nickname-level evidence only. It does not infer civil identity, residence or private relationships."
aaliyah,Aaliyah,all_examples_valid,,true,female,cb_20021128_1005,false,,,false,,,,registered_only,historical_nickname_level_only,no_civil_identity_inference,"This index joins nickname-level evidence only. It does not infer civil identity, residence or private relationships."
ab,AB',no_examples_valid,AB',true,female,cb_20021128_1006,false,,,false,,,,registered_only,historical_nickname_level_only,no_civil_identity_inference,"This index joins nickname-level evidence only. It does not infer civil identity, residence or private relationships."
acai-com-granola-rj,acai-com-granola-rj,all_examples_valid,,true,male,cb_20021128_0084,false,,,false,,,,registered_only,historical_nickname_level_only,no_civil_identity_inference,"This index joins nickname-level evidence only. It does not infer civil identity, residence or private relationships."
advogata_rj,Advogata_rj,all_examples_valid,,true,female,cb_20021128_0960,false,,,false,,,,registered_only,historical_nickname_level_only,no_civil_identity_inference,"This index joins nickname-level evidence only. It does not infer civil identity, residence or private relationships."
advogato23_rj,Advogato23_RJ,all_examples_valid,,true,male,cb_20021128_0086,false,,,false,,,,registered_only,historical_nickname_level_only,no_civil_identity_inference,"This index joins nickname-level evidence only. It does not infer civil identity, residence or private relationships."
advogato_usa,advogato_usa,all_examples_valid,,true,male,cb_20021128_0085,false,,,false,,,,registered_only,historical_nickname_level_only,no_civil_identity_inference,"This index joins nickname-level evidence only. It does not infer civil identity, residence or private relationships."
afrociberdelia,Afrociberdelia,all_examples_valid,,true,male,cb_20021128_0087,false,,,false,,,,registered_only,historical_nickname_level_only,no_civil_identity_inference,"This index joins nickname-level evidence only. It does not infer civil identity, residence or private relationships."
agentejc,Agentejc,all_examples_valid,,true,male,cb_20021128_0088,false,,,false,,,,registered_only,historical_nickname_level_only,no_civil_identity_inference,"This index joins nickname-level evidence only. It does not infer civil identity, residence or private relationships."
aguia,aguia,all_examples_valid,,true,male,cb_20021128_0089,false,,,false,,,,registered_only,historical_nickname_level_only,no_civil_identity_inference,"This index joins nickname-level evidence only. It does not infer civil identity, residence or private relationships."
ah_juninho_paulista,AH_JUNINHO_PAULISTA,all_examples_valid,,true,male,cb_20021128_0090,false,,,false,,,,registered_only,historical_nickname_level_only,no_civil_identity_inference,"This index joins nickname-level evidence only. It does not infer civil identity, residence or private relationships."
alejandro-21-usa,Alejandro-21-USA,all_examples_valid,,true,male,cb_20021128_0091,false,,,false,,,,registered_only,historical_nickname_level_only,no_civil_identity_inference,"This index joins nickname-level evidence only. It does not infer civil identity, residence or private relationships."
alexandre,Alexandre,all_examples_valid,,true,male,cb_20021128_0092,false,,,false,,,,registered_only,historical_nickname_level_only,no_civil_identity_inference,"This index joins nickname-level evidence only. It does not infer civil identity, residence or private relationships."
alexandre_18,alexandre_18,all_examples_valid,,true,male,cb_20021128_0093,false,,,false,,,,registered_only,historical_nickname_level_only,no_civil_identity_inference,"This index joins nickname-level evidence only. It does not infer civil identity, residence or private relationships."
alexandrehenrique,AlexandreHenrique,all_examples_valid,,true,male,cb_20021128_0094,false,,,false,,,,registered_only,historical_nickname_level_only,no_civil_identity_inference,"This index joins nickname-level evidence only. It does not infer civil identity, residence or private relationships."
alicinh,ALICINH@,no_examples_valid,ALICINH@,true,female,cb_20021128_1008,false,,,false,,,,registered_only,historical_nickname_level_only,no_civil_identity_inference,"This index joins nickname-level evidence only. It does not infer civil identity, residence or private relationships."
alinizinh4,aLiNiZiNh4,all_examples_valid,,true,female,cb_20021128_1009,false,,,false,,,,registered_only,historical_nickname_level_only,no_civil_identity_inference,"This index joins nickname-level evidence only. It does not infer civil identity, residence or private relationships."
all-rj,ALL-RJ,all_examples_valid,,true,male,cb_20021128_0096,false,,,false,,,,registered_only,historical_nickname_level_only,no_civil_identity_inference,"This index joins nickname-level evidence only. It does not infer civil identity, residence or private relationships."
alladin,Alladin,all_examples_valid,,true,male,cb_20021128_0095,false,,,false,,,,registered_only,historical_nickname_level_only,no_civil_identity_inference,"This index joins nickname-level evidence only. It does not infer civil identity, residence or private relationships."
aloha,*>ALOHA<* | aloha,mixed_examples,*>ALOHA<*,true,male,cb_20021128_0028 | cb_20021128_0097,false,,,false,,,,registered_only,historical_nickname_level_only,no_civil_identity_inference,"This index joins nickname-level evidence only. It does not infer civil identity, residence or private relationships."
alvinho,Alvinho,all_examples_valid,,true,male,cb_20021128_0098,false,,,false,,,,registered_only,historical_nickname_level_only,no_civil_identity_inference,"This index joins nickname-level evidence only. It does not infer civil identity, residence or private relationships."
amanda_22,Amanda_22,all_examples_valid,,true,female,cb_20021128_1010,false,,,false,,,,registered_only,historical_nickname_level_only,no_civil_identity_inference,"This index joins nickname-level evidence only. It does not infer civil identity, residence or private relationships."
amandinha,Amandinha,all_examples_valid,,true,female,cb_20021128_1011,false,,,false,,,,registered_only,historical_nickname_level_only,no_civil_identity_inference,"This index joins nickname-level evidence only. It does not infer civil identity, residence or private relationships."
amandinha_geuh_seawa,AmAnDiNhA_gEuH_sEaWa,all_examples_valid,,true,female,cb_20021128_1012,false,,,false,,,,registered_only,historical_nickname_level_only,no_civil_identity_inference,"This index joins nickname-level evidence only. It does not infer civil identity, residence or private relationships."
amandita-rj,Amandita-RJ,all_examples_valid,,true,female,cb_20021128_1013,false,,,false,,,,registered_only,historical_nickname_level_only,no_civil_identity_inference,"This index joins nickname-level evidence only. It does not infer civil identity, residence or private relationships."
amiga_barra_17,Amiga_Barra_17,all_examples_valid,,true,female,cb_20021128_1014,false,,,false,,,,registered_only,historical_nickname_level_only,no_civil_identity_inference,"This index joins nickname-level evidence only. It does not infer civil identity, residence or private relationships."
amigo_da_barra,Amigo da Barra,no_examples_valid,Amigo da Barra,true,male,cb_20021128_0099,false,,,false,,,,registered_only,historical_nickname_level_only,no_civil_identity_inference,"This index joins nickname-level evidence only. It does not infer civil identity, residence or private relationships."
ana_expert,Ana Expert,no_examples_valid,Ana Expert,true,female,cb_20021128_1015,false,,,false,,,,registered_only,historical_nickname_level_only,no_civil_identity_inference,"This index joins nickname-level evidence only. It does not infer civil identity, residence or private relationships."
anabiaa,anabiaa,all_examples_valid,,true,female,cb_20021128_1016,false,,,false,,,,registered_only,historical_nickname_level_only,no_civil_identity_inference,"This index joins nickname-level evidence only. It does not infer civil identity, residence or private relationships."
anddinho,Anddinho,all_examples_valid,,true,male,cb_20021128_0100,false,,,false,,,,registered_only,historical_nickname_level_only,no_civil_identity_inference,"This index joins nickname-level evidence only. It does not infer civil identity, residence or private relationships."
anderson_sampa,Anderson Sampa,no_examples_valid,Anderson Sampa,true,male,cb_20021128_0101,false,,,false,,,,registered_only,historical_nickname_level_only,no_civil_identity_inference,"This index joins nickname-level evidence only. It does not infer civil identity, residence or private relationships."
andmax22-rj,Andmax22-RJ,all_examples_valid,,true,male,cb_20021128_0102,false,,,false,,,,registered_only,historical_nickname_level_only,no_civil_identity_inference,"This index joins nickname-level evidence only. It does not infer civil identity, residence or private relationships."
andre,Andre______,all_examples_valid,,true,male,cb_20021128_0103,false,,,false,,,,registered_only,historical_nickname_level_only,no_civil_identity_inference,"This index joins nickname-level evidence only. It does not infer civil identity, residence or private relationships."
andrejpa,AndreJPA,all_examples_valid,,true,male,cb_20021128_0104,false,,,false,,,,registered_only,historical_nickname_level_only,no_civil_identity_inference,"This index joins nickname-level evidence only. It does not infer civil identity, residence or private relationships."
andrezim,Andrezim,all_examples_valid,,true,male,cb_20021128_0105,false,,,false,,,,registered_only,historical_nickname_level_only,no_civil_identity_inference,"This index joins nickname-level evidence only. It does not infer civil identity, residence or private relationships."
andy,Andy,all_examples_valid,,true,female,cb_20021128_1017,false,,,false,,,,registered_only,historical_nickname_level_only,no_civil_identity_inference,"This index joins nickname-level evidence only. It does not infer civil identity, residence or private relationships."
angel,Angel,all_examples_valid,,true,female,cb_20021128_1018,false,,,false,,,,registered_only,historical_nickname_level_only,no_civil_identity_inference,"This index joins nickname-level evidence only. It does not infer civil identity, residence or private relationships."
angelino_julio,Angelino Julio,no_examples_valid,Angelino Julio,true,male,cb_20021128_0106,false,,,false,,,,registered_only,historical_nickname_level_only,no_civil_identity_inference,"This index joins nickname-level evidence only. It does not infer civil identity, residence or private relationships."
angelnine,Angelnine,all_examples_valid,,true,female,cb_20021128_1019,false,,,false,,,,registered_only,historical_nickname_level_only,no_civil_identity_inference,"This index joins nickname-level evidence only. It does not infer civil identity, residence or private relationships."
aninha,aNInHA,all_examples_valid,,true,female,cb_20021128_1020,false,,,false,,,,registered_only,historical_nickname_level_only,no_civil_identity_inference,"This index joins nickname-level evidence only. It does not infer civil identity, residence or private relationships."
aninha-puc,ANINHA-PUC,all_examples_valid,,true,female,cb_20021128_1021,false,,,false,,,,registered_only,historical_nickname_level_only,no_civil_identity_inference,"This index joins nickname-level evidence only. It does not infer civil identity, residence or private relationships."
anjinha,Anjinha,all_examples_valid,,true,female,cb_20021128_1022,false,,,false,,,,registered_only,historical_nickname_level_only,no_civil_identity_inference,"This index joins nickname-level evidence only. It does not infer civil identity, residence or private relationships."
anjinha__rj,Anjinha__RJ,all_examples_valid,,true,female,cb_20021128_1024,false,,,false,,,,registered_only,historical_nickname_level_only,no_civil_identity_inference,"This index joins nickname-level evidence only. It does not infer civil identity, residence or private relationships."
anjinha_da_barra,anjinha_da_barra,all_examples_valid,,true,female,cb_20021128_1025,false,,,false,,,,registered_only,historical_nickname_level_only,no_civil_identity_inference,"This index joins nickname-level evidence only. It does not infer civil identity, residence or private relationships."
anjinha_de_asa_delta,Anjinha de Asa Delta,no_examples_valid,Anjinha de Asa Delta,true,female,cb_20021128_1023,false,,,false,,,,registered_only,historical_nickname_level_only,no_civil_identity_inference,"This index joins nickname-level evidence only. It does not infer civil identity, residence or private relationships."
anjinha_lili,Anjinha_Lili,all_examples_valid,,true,female,cb_20021128_1026,false,,,false,,,,registered_only,historical_nickname_level_only,no_civil_identity_inference,"This index joins nickname-level evidence only. It does not infer civil identity, residence or private relationships."
anjinho_do_leblon,anjinho do leblon,no_examples_valid,anjinho do leblon,true,male,cb_20021128_0107,false,,,false,,,,registered_only,historical_nickname_level_only,no_civil_identity_inference,"This index joins nickname-level evidence only. It does not infer civil identity, residence or private relationships."
anjo_a_e,ANJO_A_E,all_examples_valid,,true,male,cb_20021128_0108,false,,,false,,,,registered_only,historical_nickname_level_only,no_civil_identity_inference,"This index joins nickname-level evidence only. It does not infer civil identity, residence or private relationships."
anjo_do__surf,Anjo_do__SuRf,all_examples_valid,,true,male,cb_20021128_0109,false,,,false,,,,registered_only,historical_nickname_level_only,no_civil_identity_inference,"This index joins nickname-level evidence only. It does not infer civil identity, residence or private relationships."
anjo_recreio,AnJo_ReCrEiO,all_examples_valid,,true,male,cb_20021128_0110,false,,,false,,,,registered_only,historical_nickname_level_only,no_civil_identity_inference,"This index joins nickname-level evidence only. It does not infer civil identity, residence or private relationships."
anj|nh0,Anj|nh0,all_examples_valid,,true,male,cb_20021128_0016,false,,,false,,,,registered_only,historical_nickname_level_only,no_civil_identity_inference,"This index joins nickname-level evidence only. It does not infer civil identity, residence or private relationships."
anna_flavia,Anna_Flavia,all_examples_valid,,true,female,cb_20021128_1027,false,,,false,,,,registered_only,historical_nickname_level_only,no_civil_identity_inference,"This index joins nickname-level evidence only. It does not infer civil identity, residence or private relationships."
anninhaxinha_recreio,AnNiNhAXiNhA_ReCrEiO,all_examples_valid,,true,female,cb_20021128_1028,false,,,false,,,,registered_only,historical_nickname_level_only,no_civil_identity_inference,"This index joins nickname-level evidence only. It does not infer civil identity, residence or private relationships."
ap0c,Ap0c,all_examples_valid,,true,male,cb_20021128_0111,false,,,false,,,,registered_only,historical_nickname_level_only,no_civil_identity_inference,"This index joins nickname-level evidence only. It does not infer civil identity, residence or private relationships."
apenas_esperto,ApenaS_Esperto,all_examples_valid,,true,male,cb_20021128_0112,false,,,false,,,,registered_only,historical_nickname_level_only,no_civil_identity_inference,"This index joins nickname-level evidence only. It does not infer civil identity, residence or private relationships."
aphroditerj,AphroditeRJ,all_examples_valid,,true,female,cb_20021128_1029,false,,,true,cb_reveillon_2000_2001_post_reveillon,Canal Barra Reveillon 2000-2001 / post-Reveillon gathering,data/raw/ircontros/reveillon-2000-2001-post-reveillon.csv,registered_present_in_ircontro,historical_nickname_level_only,no_civil_identity_inference,"This index joins nickname-level evidence only. It does not infer civil identity, residence or private relationships."
apollo_rj,Apollo RJ,no_examples_valid,Apollo RJ,true,male,cb_20021128_0113,false,,,false,,,,registered_only,historical_nickname_level_only,no_civil_identity_inference,"This index joins nickname-level evidence only. It does not infer civil identity, residence or private relationships."
aratanha,Aratanha,all_examples_valid,,true,male,cb_20021128_0114,false,,,false,,,,registered_only,historical_nickname_level_only,no_civil_identity_inference,"This index joins nickname-level evidence only. It does not infer civil identity, residence or private relationships."
ariano26zs,Ariano26zs,all_examples_valid,,true,male,cb_20021128_0115,false,,,false,,,,registered_only,historical_nickname_level_only,no_civil_identity_inference,"This index joins nickname-level evidence only. It does not infer civil identity, residence or private relationships."
arkilon,Arkilon,all_examples_valid,,true,male,cb_20021128_0116,false,,,false,,,,registered_only,historical_nickname_level_only,no_civil_identity_inference,"This index joins nickname-level evidence only. It does not infer civil identity, residence or private relationships."
arnold_sw,Arnold_Sw,all_examples_valid,,true,male,cb_20021128_0117,false,,,false,,,,registered_only,historical_nickname_level_only,no_civil_identity_inference,"This index joins nickname-level evidence only. It does not infer civil identity, residence or private relationships."
arrozz,ArrozZ,all_examples_valid,,true,male,cb_20021128_0118,false,,,false,,,,registered_only,historical_nickname_level_only,no_civil_identity_inference,"This index joins nickname-level evidence only. It does not infer civil identity, residence or private relationships."
arthur,Arthur,all_examples_valid,,true,male,cb_20021128_0119,false,,,false,,,,registered_only,historical_nickname_level_only,no_civil_identity_inference,"This index joins nickname-level evidence only. It does not infer civil identity, residence or private relationships."
arthur_barra,Arthur_Barra,all_examples_valid,,true,male,cb_20021128_0120,false,,,false,,,,registered_only,historical_nickname_level_only,no_civil_identity_inference,"This index joins nickname-level evidence only. It does not infer civil identity, residence or private relationships."
as_meninas,As Meninas,no_examples_valid,As Meninas,true,female,cb_20021128_1030,false,,,false,,,,registered_only,historical_nickname_level_only,no_civil_identity_inference,"This index joins nickname-level evidence only. It does not infer civil identity, residence or private relationships."
askabull,ASKABULL,all_examples_valid,,true,male,cb_20021128_0121,false,,,false,,,,registered_only,historical_nickname_level_only,no_civil_identity_inference,"This index joins nickname-level evidence only. It does not infer civil identity, residence or private relationships."
augustocesar,AugustoCesar,all_examples_valid,,true,male,cb_20021128_0122,false,,,false,,,,registered_only,historical_nickname_level_only,no_civil_identity_inference,"This index joins nickname-level evidence only. It does not infer civil identity, residence or private relationships."
avatarado,Avatarado,all_examples_valid,,true,male,cb_20021128_0123,false,,,false,,,,registered_only,historical_nickname_level_only,no_civil_identity_inference,"This index joins nickname-level evidence only. It does not infer civil identity, residence or private relationships."
axl_rose-rj,AXL ROSE-RJ,no_examples_valid,AXL ROSE-RJ,true,male,cb_20021128_0124,false,,,false,,,,registered_only,historical_nickname_level_only,no_civil_identity_inference,"This index joins nickname-level evidence only. It does not infer civil identity, residence or private relationships."
ayrez^tha^dexman,ayrez^tha^dexman,all_examples_valid,,true,male,cb_20021128_0125,false,,,false,,,,registered_only,historical_nickname_level_only,no_civil_identity_inference,"This index joins nickname-level evidence only. It does not infer civil identity, residence or private relationships."
azzarro-rj,Azzarro-RJ,all_examples_valid,,true,male,cb_20021128_0126,false,,,false,,,,registered_only,historical_nickname_level_only,no_civil_identity_inference,"This index joins nickname-level evidence only. It does not infer civil identity, residence or private relationships."
azzeitonna_rj,AzzEitoNNa_RJ,all_examples_valid,,true,male,cb_20021128_0127,false,,,false,,,,registered_only,historical_nickname_level_only,no_civil_identity_inference,"This index joins nickname-level evidence only. It does not infer civil identity, residence or private relationships."
b,***B!@***,no_examples_valid,***B!@***,true,female,cb_20021128_0965,false,,,false,,,,registered_only,historical_nickname_level_only,no_civil_identity_inference,"This index joins nickname-level evidence only. It does not infer civil identity, residence or private relationships."
b4d_b0y,_B4D_B0Y_,all_examples_valid,,true,male,cb_20021128_0049,false,,,false,,,,registered_only,historical_nickname_level_only,no_civil_identity_inference,"This index joins nickname-level evidence only. It does not infer civil identity, residence or private relationships."
babaloo,BaBaloo,all_examples_valid,,true,female,cb_20021128_0972,false,,,false,,,,registered_only,historical_nickname_level_only,no_civil_identity_inference,"This index joins nickname-level evidence only. It does not infer civil identity, residence or private relationships."
babbi_diesel,Babbi Diesel,no_examples_valid,Babbi Diesel,true,female,cb_20021128_1032,false,,,false,,,,registered_only,historical_nickname_level_only,no_civil_identity_inference,"This index joins nickname-level evidence only. It does not infer civil identity, residence or private relationships."
babygirl_usa,BabYGirL_USA,all_examples_valid,,true,female,cb_20021128_1033,false,,,false,,,,registered_only,historical_nickname_level_only,no_civil_identity_inference,"This index joins nickname-level evidence only. It does not infer civil identity, residence or private relationships."
babylou,BabyLou,all_examples_valid,,true,female,cb_20021128_1034,false,,,false,,,,registered_only,historical_nickname_level_only,no_civil_identity_inference,"This index joins nickname-level evidence only. It does not infer civil identity, residence or private relationships."
bad_boy,BAD(\ /)BOY,no_examples_valid,BAD(\ /)BOY,true,male,cb_20021128_0128,false,,,false,,,,registered_only,historical_nickname_level_only,no_civil_identity_inference,"This index joins nickname-level evidence only. It does not infer civil identity, residence or private relationships."
badcoyote,BadCoyote,all_examples_valid,,true,male,cb_20021128_0129,false,,,false,,,,registered_only,historical_nickname_level_only,no_civil_identity_inference,"This index joins nickname-level evidence only. It does not infer civil identity, residence or private relationships."
badguy-,badguy-,all_examples_valid,,true,male,cb_20021128_0130,false,,,false,,,,registered_only,historical_nickname_level_only,no_civil_identity_inference,"This index joins nickname-level evidence only. It does not infer civil identity, residence or private relationships."
baiana_recreio,Baiana_Recreio,all_examples_valid,,true,female,cb_20021128_1035,false,,,false,,,,registered_only,historical_nickname_level_only,no_civil_identity_inference,"This index joins nickname-level evidence only. It does not infer civil identity, residence or private relationships."
baiano,Baiano,all_examples_valid,,true,male,cb_20021128_0131,false,,,false,,,,registered_only,historical_nickname_level_only,no_civil_identity_inference,"This index joins nickname-level evidence only. It does not infer civil identity, residence or private relationships."
ballantines,Ballantines,all_examples_valid,,true,male,cb_20021128_0132,false,,,false,,,,registered_only,historical_nickname_level_only,no_civil_identity_inference,"This index joins nickname-level evidence only. It does not infer civil identity, residence or private relationships."
bam_bam_u1000d,Bam_Bam_U1000D,all_examples_valid,,true,male,cb_20021128_0133,false,,,false,,,,registered_only,historical_nickname_level_only,no_civil_identity_inference,"This index joins nickname-level evidence only. It does not infer civil identity, residence or private relationships."
bandido,Bandido,all_examples_valid,,true,male,cb_20021128_0134,false,,,false,,,,registered_only,historical_nickname_level_only,no_civil_identity_inference,"This index joins nickname-level evidence only. It does not infer civil identity, residence or private relationships."
bandido_rj,BANDIDO RJ,no_examples_valid,BANDIDO RJ,true,male,cb_20021128_0135,false,,,false,,,,registered_only,historical_nickname_level_only,no_civil_identity_inference,"This index joins nickname-level evidence only. It does not infer civil identity, residence or private relationships."
bandit1,BANDIT1,all_examples_valid,,true,male,cb_20021128_0136,false,,,false,,,,registered_only,historical_nickname_level_only,no_civil_identity_inference,"This index joins nickname-level evidence only. It does not infer civil identity, residence or private relationships."
barbie_doll,BARBIE_DOLL,all_examples_valid,,true,female,cb_20021128_1036,false,,,false,,,,registered_only,historical_nickname_level_only,no_civil_identity_inference,"This index joins nickname-level evidence only. It does not infer civil identity, residence or private relationships."
barman,BarMan,all_examples_valid,,true,male,cb_20021128_0001,true,,cb_access_200012_001,false,,,,registered_operator,historical_nickname_level_only,no_civil_identity_inference,"This index joins nickname-level evidence only. It does not infer civil identity, residence or private relationships."
barman-joao,bArMaN-jOaO,all_examples_valid,,true,male,cb_20021128_0137,false,,,false,,,,registered_only,historical_nickname_level_only,no_civil_identity_inference,"This index joins nickname-level evidence only. It does not infer civil identity, residence or private relationships."
baroni,baroni,all_examples_valid,,true,male,cb_20021128_0138,false,,,false,,,,registered_only,historical_nickname_level_only,no_civil_identity_inference,"This index joins nickname-level evidence only. It does not infer civil identity, residence or private relationships."
barra_girl,BaRrA_GirL*,no_examples_valid,BaRrA_GirL*,true,female,cb_20021128_1037,false,,,false,,,,registered_only,historical_nickname_level_only,no_civil_identity_inference,"This index joins nickname-level evidence only. It does not infer civil identity, residence or private relationships."
basset_barra,BaSsEt_BaRrA,all_examples_valid,,true,male,cb_20021128_0139,false,,,false,,,,registered_only,historical_nickname_level_only,no_civil_identity_inference,"This index joins nickname-level evidence only. It does not infer civil identity, residence or private relationships."
baterista,Baterista,all_examples_valid,,true,male,cb_20021128_0140,false,,,false,,,,registered_only,historical_nickname_level_only,no_civil_identity_inference,"This index joins nickname-level evidence only. It does not infer civil identity, residence or private relationships."
bcs-tutu,BcS-TuTu,all_examples_valid,,true,male,cb_20021128_0141,false,,,false,,,,registered_only,historical_nickname_level_only,no_civil_identity_inference,"This index joins nickname-level evidence only. It does not infer civil identity, residence or private relationships."
bd_girl,"B@d Girl ,\ /,",no_examples_valid,"B@d Girl ,\ /,",true,female,cb_20021128_1031,false,,,false,,,,registered_only,historical_nickname_level_only,no_civil_identity_inference,"This index joins nickname-level evidence only. It does not infer civil identity, residence or private relationships."
beastman_rj,BeastMan_RJ,all_examples_valid,,true,male,cb_20021128_0142,false,,,false,,,,registered_only,historical_nickname_level_only,no_civil_identity_inference,"This index joins nickname-level evidence only. It does not infer civil identity, residence or private relationships."
beavis,BeAViS,all_examples_valid,,true,male,cb_20021128_0143,false,,,false,,,,registered_only,historical_nickname_level_only,no_civil_identity_inference,"This index joins nickname-level evidence only. It does not infer civil identity, residence or private relationships."
bebumm,bEbUmm,all_examples_valid,,true,male,cb_20021128_0144,false,,,false,,,,registered_only,historical_nickname_level_only,no_civil_identity_inference,"This index joins nickname-level evidence only. It does not infer civil identity, residence or private relationships."
beijar_na_boca,Beijar_na_Boca,all_examples_valid,,true,male,cb_20021128_0145,false,,,false,,,,registered_only,historical_nickname_level_only,no_civil_identity_inference,"This index joins nickname-level evidence only. It does not infer civil identity, residence or private relationships."
belfort,Belfort,all_examples_valid,,true,male,cb_20021128_0146,false,,,false,,,,registered_only,historical_nickname_level_only,no_civil_identity_inference,"This index joins nickname-level evidence only. It does not infer civil identity, residence or private relationships."
belfort-rj,BeLfOrT-Rj,all_examples_valid,,true,male,cb_20021128_0147,false,,,false,,,,registered_only,historical_nickname_level_only,no_civil_identity_inference,"This index joins nickname-level evidence only. It does not infer civil identity, residence or private relationships."
bella_gyn,Bella_Gyn,all_examples_valid,,true,female,cb_20021128_1038,false,,,false,,,,registered_only,historical_nickname_level_only,no_civil_identity_inference,"This index joins nickname-level evidence only. It does not infer civil identity, residence or private relationships."
belly_barra,BeLLy_BaRrA,all_examples_valid,,true,female,cb_20021128_1039,false,,,false,,,,registered_only,historical_nickname_level_only,no_civil_identity_inference,"This index joins nickname-level evidence only. It does not infer civil identity, residence or private relationships."
belo_da_tarde-17,BELO_DA_TARDE-17,all_examples_valid,,true,male,cb_20021128_0148,false,,,false,,,,registered_only,historical_nickname_level_only,no_civil_identity_inference,"This index joins nickname-level evidence only. It does not infer civil identity, residence or private relationships."
belzinha,belzinha,all_examples_valid,,true,female,cb_20021128_1040,false,,,false,,,,registered_only,historical_nickname_level_only,no_civil_identity_inference,"This index joins nickname-level evidence only. It does not infer civil identity, residence or private relationships."
bernardogatosarado,BernardoGatoSarado,all_examples_valid,,true,male,cb_20021128_0149,false,,,false,,,,registered_only,historical_nickname_level_only,no_civil_identity_inference,"This index joins nickname-level evidence only. It does not infer civil identity, residence or private relationships."
betabarra,BetaBarra,all_examples_valid,,true,female,cb_20021128_0961,false,,,false,,,,registered_only,historical_nickname_level_only,no_civil_identity_inference,"This index joins nickname-level evidence only. It does not infer civil identity, residence or private relationships."
beto-rj,beto-RJ,all_examples_valid,,true,male,cb_20021128_0152,false,,,false,,,,registered_only,historical_nickname_level_only,no_civil_identity_inference,"This index joins nickname-level evidence only. It does not infer civil identity, residence or private relationships."
beto_tj,beto_tj,all_examples_valid,,true,male,cb_20021128_0150,false,,,false,,,,registered_only,historical_nickname_level_only,no_civil_identity_inference,"This index joins nickname-level evidence only. It does not infer civil identity, residence or private relationships."
betorj,Betorj,all_examples_valid,,true,male,cb_20021128_0151,false,,,false,,,,registered_only,historical_nickname_level_only,no_civil_identity_inference,"This index joins nickname-level evidence only. It does not infer civil identity, residence or private relationships."
bezinho,Bezinho,all_examples_valid,,true,male,cb_20021128_0153,false,,,false,,,,registered_only,historical_nickname_level_only,no_civil_identity_inference,"This index joins nickname-level evidence only. It does not infer civil identity, residence or private relationships."
bia_22,_Bia_22,all_examples_valid,,true,female,cb_20021128_0980,false,,,false,,,,registered_only,historical_nickname_level_only,no_civil_identity_inference,"This index joins nickname-level evidence only. It does not infer civil identity, residence or private relationships."
bia_2amba,Bia_2amba,all_examples_valid,,true,female,cb_20021128_1041,false,,,false,,,,registered_only,historical_nickname_level_only,no_civil_identity_inference,"This index joins nickname-level evidence only. It does not infer civil identity, residence or private relationships."
biana-,Biana-,all_examples_valid,,true,female,cb_20021128_1042,false,,,false,,,,registered_only,historical_nickname_level_only,no_civil_identity_inference,"This index joins nickname-level evidence only. It does not infer civil identity, residence or private relationships."
biano-,Biano-,all_examples_valid,,true,male,cb_20021128_0002,false,,,false,,,,registered_only,historical_nickname_level_only,no_civil_identity_inference,"This index joins nickname-level evidence only. It does not infer civil identity, residence or private relationships."
biano_-_vp,Biano - vp,no_examples_valid,Biano - vp,true,male,cb_20021128_0154,false,,,false,,,,registered_only,historical_nickname_level_only,no_civil_identity_inference,"This index joins nickname-level evidence only. It does not infer civil identity, residence or private relationships."
biano_vp,Biano_vp,all_examples_valid,,true,male,cb_20021128_0155,false,,,false,,,,registered_only,historical_nickname_level_only,no_civil_identity_inference,"This index joins nickname-level evidence only. It does not infer civil identity, residence or private relationships."
bianquinha_22,Bianquinha_22,all_examples_valid,,true,female,cb_20021128_1043,false,,,false,,,,registered_only,historical_nickname_level_only,no_civil_identity_inference,"This index joins nickname-level evidence only. It does not infer civil identity, residence or private relationships."
biba_barra,Biba_Barra,all_examples_valid,,true,female,cb_20021128_1044,false,,,false,,,,registered_only,historical_nickname_level_only,no_civil_identity_inference,"This index joins nickname-level evidence only. It does not infer civil identity, residence or private relationships."
bibino,Bibino,all_examples_valid,,true,male,cb_20021128_0156,false,,,false,,,,registered_only,historical_nickname_level_only,no_civil_identity_inference,"This index joins nickname-level evidence only. It does not infer civil identity, residence or private relationships."
biduca,Biduca,all_examples_valid,,true,female,cb_20021128_1045,false,,,false,,,,registered_only,historical_nickname_level_only,no_civil_identity_inference,"This index joins nickname-level evidence only. It does not infer civil identity, residence or private relationships."
biel,Biel,all_examples_valid,,true,male,cb_20021128_0157 | cb_20021128_0158,false,,,false,,,,registered_only,historical_nickname_level_only,no_civil_identity_inference,"This index joins nickname-level evidence only. It does not infer civil identity, residence or private relationships."
big_brother,_Big_Brother_,all_examples_valid,,true,male,cb_20021128_0050,false,,,false,,,,registered_only,historical_nickname_level_only,no_civil_identity_inference,"This index joins nickname-level evidence only. It does not infer civil identity, residence or private relationships."
big_recreio,bIg_recreIo,all_examples_valid,,true,male,cb_20021128_0159,false,,,false,,,,registered_only,historical_nickname_level_only,no_civil_identity_inference,"This index joins nickname-level evidence only. It does not infer civil identity, residence or private relationships."
bigdigo,BigDigo,all_examples_valid,,true,male,cb_20021128_0017,false,,,false,,,,registered_only,historical_nickname_level_only,no_civil_identity_inference,"This index joins nickname-level evidence only. It does not infer civil identity, residence or private relationships."
bignato,BignatO,all_examples_valid,,true,male,cb_20021128_0160,false,,,false,,,,registered_only,historical_nickname_level_only,no_civil_identity_inference,"This index joins nickname-level evidence only. It does not infer civil identity, residence or private relationships."
bigorna_rj,bigorna_rj,all_examples_valid,,true,male,cb_20021128_0161,false,,,false,,,,registered_only,historical_nickname_level_only,no_civil_identity_inference,"This index joins nickname-level evidence only. It does not infer civil identity, residence or private relationships."
bimbinho,_BIMBINHO_,all_examples_valid,,true,male,cb_20021128_0051,false,,,false,,,,registered_only,historical_nickname_level_only,no_civil_identity_inference,"This index joins nickname-level evidence only. It does not infer civil identity, residence or private relationships."
binha-_-,Binha-_-,all_examples_valid,,true,female,cb_20021128_1046,false,,,false,,,,registered_only,historical_nickname_level_only,no_civil_identity_inference,"This index joins nickname-level evidence only. It does not infer civil identity, residence or private relationships."
binho-recreio,binho-recreio,all_examples_valid,,true,male,cb_20021128_0163,false,,,false,,,,registered_only,historical_nickname_level_only,no_civil_identity_inference,"This index joins nickname-level evidence only. It does not infer civil identity, residence or private relationships."
binho_vip,Binho_ViP,all_examples_valid,,true,male,cb_20021128_0162,false,,,false,,,,registered_only,historical_nickname_level_only,no_civil_identity_inference,"This index joins nickname-level evidence only. It does not infer civil identity, residence or private relationships."
biocone,BIOCONE,all_examples_valid,,true,male,cb_20021128_0164,false,,,false,,,,registered_only,historical_nickname_level_only,no_civil_identity_inference,"This index joins nickname-level evidence only. It does not infer civil identity, residence or private relationships."
bionda,Bionda,all_examples_valid,,true,female,cb_20021128_1047,false,,,false,,,,registered_only,historical_nickname_level_only,no_civil_identity_inference,"This index joins nickname-level evidence only. It does not infer civil identity, residence or private relationships."
biscoito20,Biscoito20,all_examples_valid,,true,male,cb_20021128_0165,false,,,false,,,,registered_only,historical_nickname_level_only,no_civil_identity_inference,"This index joins nickname-level evidence only. It does not infer civil identity, residence or private relationships."
biskrok,BiSkRok,all_examples_valid,,true,male,cb_20021128_0166,false,,,false,,,,registered_only,historical_nickname_level_only,no_civil_identity_inference,"This index joins nickname-level evidence only. It does not infer civil identity, residence or private relationships."
bjc^gabry_kapps^,BJC^Gabry_Kapps^,all_examples_valid,,true,female,cb_20021128_1048,false,,,false,,,,registered_only,historical_nickname_level_only,no_civil_identity_inference,"This index joins nickname-level evidence only. It does not infer civil identity, residence or private relationships."
blackbird,BlackBird,all_examples_valid,,true,male,cb_20021128_0167,false,,,false,,,,registered_only,historical_nickname_level_only,no_civil_identity_inference,"This index joins nickname-level evidence only. It does not infer civil identity, residence or private relationships."
blackstyler,BlackStyler,all_examples_valid,,true,male,cb_20021128_0168,false,,,false,,,,registered_only,historical_nickname_level_only,no_civil_identity_inference,"This index joins nickname-level evidence only. It does not infer civil identity, residence or private relationships."
bliss_girl,bLiSs_GiRl,all_examples_valid,,true,female,cb_20021128_1049,false,,,false,,,,registered_only,historical_nickname_level_only,no_civil_identity_inference,"This index joins nickname-level evidence only. It does not infer civil identity, residence or private relationships."
blog,_BloG_,all_examples_valid,,true,male,cb_20021128_0052,false,,,false,,,,registered_only,historical_nickname_level_only,no_civil_identity_inference,"This index joins nickname-level evidence only. It does not infer civil identity, residence or private relationships."
bob,Bob,all_examples_valid,,true,male,cb_20021128_0169,false,,,false,,,,registered_only,historical_nickname_level_only,no_civil_identity_inference,"This index joins nickname-level evidence only. It does not infer civil identity, residence or private relationships."
bochie,Bochie,all_examples_valid,,true,female,cb_20021128_1050,false,,,false,,,,registered_only,historical_nickname_level_only,no_civil_identity_inference,"This index joins nickname-level evidence only. It does not infer civil identity, residence or private relationships."
bodyboard-21,Bodyboard-21,all_examples_valid,,true,male,cb_20021128_0170,false,,,false,,,,registered_only,historical_nickname_level_only,no_civil_identity_inference,"This index joins nickname-level evidence only. It does not infer civil identity, residence or private relationships."
bodyboarder-jpa,BoDyBoArDeR-JpA,all_examples_valid,,true,male,cb_20021128_0171,false,,,false,,,,registered_only,historical_nickname_level_only,no_civil_identity_inference,"This index joins nickname-level evidence only. It does not infer civil identity, residence or private relationships."
bollado,Bollado,all_examples_valid,,true,male,cb_20021128_0172,false,,,false,,,,registered_only,historical_nickname_level_only,no_civil_identity_inference,"This index joins nickname-level evidence only. It does not infer civil identity, residence or private relationships."
bommbarra,BOMMBARRA,all_examples_valid,,true,male,cb_20021128_0173,false,,,false,,,,registered_only,historical_nickname_level_only,no_civil_identity_inference,"This index joins nickname-level evidence only. It does not infer civil identity, residence or private relationships."
boom,BooM,all_examples_valid,,true,male,cb_20021128_0174,false,,,false,,,,registered_only,historical_nickname_level_only,no_civil_identity_inference,"This index joins nickname-level evidence only. It does not infer civil identity, residence or private relationships."
boy-rj,Boy-RJ,all_examples_valid,,true,male,cb_20021128_0176,false,,,false,,,,registered_only,historical_nickname_level_only,no_civil_identity_inference,"This index joins nickname-level evidence only. It does not infer civil identity, residence or private relationships."
boyfromipanema,boyfromipanema,all_examples_valid,,true,male,cb_20021128_0175,false,,,false,,,,registered_only,historical_nickname_level_only,no_civil_identity_inference,"This index joins nickname-level evidence only. It does not infer civil identity, residence or private relationships."
bpm,BPM,all_examples_valid,,true,male,cb_20021128_0177,false,,,false,,,,registered_only,historical_nickname_level_only,no_civil_identity_inference,"This index joins nickname-level evidence only. It does not infer civil identity, residence or private relationships."
bra_barra_rj,BRA_BARRA_RJ,all_examples_valid,,true,male,cb_20021128_0178,false,,,false,,,,registered_only,historical_nickname_level_only,no_civil_identity_inference,"This index joins nickname-level evidence only. It does not infer civil identity, residence or private relationships."
brazucany,Brazucany,all_examples_valid,,true,male,cb_20021128_0179,false,,,false,,,,registered_only,historical_nickname_level_only,no_civil_identity_inference,"This index joins nickname-level evidence only. It does not infer civil identity, residence or private relationships."
bremer,BREMER,all_examples_valid,,true,male,cb_20021128_0180,false,,,false,,,,registered_only,historical_nickname_level_only,no_civil_identity_inference,"This index joins nickname-level evidence only. It does not infer civil identity, residence or private relationships."
brendinha,Brendinha,all_examples_valid,,true,female,cb_20021128_1051,false,,,false,,,,registered_only,historical_nickname_level_only,no_civil_identity_inference,"This index joins nickname-level evidence only. It does not infer civil identity, residence or private relationships."
brian`boladao`csm,BrIaN`BoLaDaO`CSM,all_examples_valid,,true,male,cb_20021128_0181,false,,,false,,,,registered_only,historical_nickname_level_only,no_civil_identity_inference,"This index joins nickname-level evidence only. It does not infer civil identity, residence or private relationships."
bricia,Bricia,all_examples_valid,,true,female,cb_20021128_0951,false,,,false,,,,registered_only,historical_nickname_level_only,no_civil_identity_inference,"This index joins nickname-level evidence only. It does not infer civil identity, residence or private relationships."
brida29,Brida29,all_examples_valid,,true,female,cb_20021128_1052,false,,,false,,,,registered_only,historical_nickname_level_only,no_civil_identity_inference,"This index joins nickname-level evidence only. It does not infer civil identity, residence or private relationships."
bronze,bRonzE,all_examples_valid,,true,male,cb_20021128_0182,false,,,false,,,,registered_only,historical_nickname_level_only,no_civil_identity_inference,"This index joins nickname-level evidence only. It does not infer civil identity, residence or private relationships."
broth21rj,BROTH'21'RJ,no_examples_valid,BROTH'21'RJ,true,male,cb_20021128_0183,false,,,false,,,,registered_only,historical_nickname_level_only,no_civil_identity_inference,"This index joins nickname-level evidence only. It does not infer civil identity, residence or private relationships."
brumarx,Brumarx,all_examples_valid,,true,male,cb_20021128_0003,false,,,false,,,,registered_only,historical_nickname_level_only,no_civil_identity_inference,"This index joins nickname-level evidence only. It does not infer civil identity, residence or private relationships."
brunamp,brunaMP,all_examples_valid,,true,female,cb_20021128_1053,false,,,false,,,,registered_only,historical_nickname_level_only,no_civil_identity_inference,"This index joins nickname-level evidence only. It does not infer civil identity, residence or private relationships."
bruninho19,bruninho19,all_examples_valid,,true,male,cb_20021128_0184,false,,,false,,,,registered_only,historical_nickname_level_only,no_civil_identity_inference,"This index joins nickname-level evidence only. It does not infer civil identity, residence or private relationships."
bruninho21,Bruninho21,all_examples_valid,,true,male,cb_20021128_0185,false,,,false,,,,registered_only,historical_nickname_level_only,no_civil_identity_inference,"This index joins nickname-level evidence only. It does not infer civil identity, residence or private relationships."
brunnobarra,BrunnoBarra,all_examples_valid,,true,male,cb_20021128_0186,false,,,false,,,,registered_only,historical_nickname_level_only,no_civil_identity_inference,"This index joins nickname-level evidence only. It does not infer civil identity, residence or private relationships."
bruno,Bruno,all_examples_valid,,true,male,cb_20021128_0187,false,,,false,,,,registered_only,historical_nickname_level_only,no_civil_identity_inference,"This index joins nickname-level evidence only. It does not infer civil identity, residence or private relationships."
bruno-rj,Bruno-RJ,all_examples_valid,,true,male,cb_20021128_0195,false,,,false,,,,registered_only,historical_nickname_level_only,no_civil_identity_inference,"This index joins nickname-level evidence only. It does not infer civil identity, residence or private relationships."
bruno-volei_de_praia,BrUnO-VoLeI_De_PrAiA,all_examples_valid,,true,male,cb_20021128_0196,false,,,false,,,,registered_only,historical_nickname_level_only,no_civil_identity_inference,"This index joins nickname-level evidence only. It does not infer civil identity, residence or private relationships."
bruno_cavaco,Bruno_CAVAco,all_examples_valid,,true,male,cb_20021128_0189,false,,,false,,,,registered_only,historical_nickname_level_only,no_civil_identity_inference,"This index joins nickname-level evidence only. It does not infer civil identity, residence or private relationships."
bruno_jzt,Bruno JZT,no_examples_valid,Bruno JZT,true,male,cb_20021128_0188,false,,,false,,,,registered_only,historical_nickname_level_only,no_civil_identity_inference,"This index joins nickname-level evidence only. It does not infer civil identity, residence or private relationships."
brunoelite,brunoelite,all_examples_valid,,true,male,cb_20021128_0191,false,,,false,,,,registered_only,historical_nickname_level_only,no_civil_identity_inference,"This index joins nickname-level evidence only. It does not infer civil identity, residence or private relationships."
brunoipanema,BrunoIpanema,all_examples_valid,,true,male,cb_20021128_0192,false,,,false,,,,registered_only,historical_nickname_level_only,no_civil_identity_inference,"This index joins nickname-level evidence only. It does not infer civil identity, residence or private relationships."
brunolopes,BrunoLopes,all_examples_valid,,true,male,cb_20021128_0193,false,,,false,,,,registered_only,historical_nickname_level_only,no_civil_identity_inference,"This index joins nickname-level evidence only. It does not infer civil identity, residence or private relationships."
brunorj,BrunoRJ,all_examples_valid,,true,male,cb_20021128_0194,false,,,false,,,,registered_only,historical_nickname_level_only,no_civil_identity_inference,"This index joins nickname-level evidence only. It does not infer civil identity, residence or private relationships."
bruno|rj,BRuno|RJ,all_examples_valid,,true,male,cb_20021128_0190,false,,,false,,,,registered_only,historical_nickname_level_only,no_civil_identity_inference,"This index joins nickname-level evidence only. It does not infer civil identity, residence or private relationships."
bruto,BRUTO,all_examples_valid,,true,male,cb_20021128_0197,false,,,false,,,,registered_only,historical_nickname_level_only,no_civil_identity_inference,"This index joins nickname-level evidence only. It does not infer civil identity, residence or private relationships."
brutus_lala,Brutus_LaLa,all_examples_valid,,true,male,cb_20021128_0198,false,,,false,,,,registered_only,historical_nickname_level_only,no_civil_identity_inference,"This index joins nickname-level evidence only. It does not infer civil identity, residence or private relationships."
bruxinha_das_trevas,Bruxinha_Das_Trevas,all_examples_valid,,true,female,cb_20021128_1054,false,,,false,,,,registered_only,historical_nickname_level_only,no_civil_identity_inference,"This index joins nickname-level evidence only. It does not infer civil identity, residence or private relationships."
buddy,Buddy,all_examples_valid,,true,male,cb_20021128_0199,false,,,false,,,,registered_only,historical_nickname_level_only,no_civil_identity_inference,"This index joins nickname-level evidence only. It does not infer civil identity, residence or private relationships."
busy,Busy,all_examples_valid,,true,male,cb_20021128_0200,false,,,false,,,,registered_only,historical_nickname_level_only,no_civil_identity_inference,"This index joins nickname-level evidence only. It does not infer civil identity, residence or private relationships."
bytony,bytony,all_examples_valid,,true,male,cb_20021128_0201,false,,,false,,,,registered_only,historical_nickname_level_only,no_civil_identity_inference,"This index joins nickname-level evidence only. It does not infer civil identity, residence or private relationships."
c-arthur,C-arthur,all_examples_valid,,true,male,cb_20021128_0225,false,,,false,,,,registered_only,historical_nickname_level_only,no_civil_identity_inference,"This index joins nickname-level evidence only. It does not infer civil identity, residence or private relationships."
c0ringa,c0ringa,all_examples_valid,,true,male,cb_20021128_0203,false,,,false,,,,registered_only,historical_nickname_level_only,no_civil_identity_inference,"This index joins nickname-level evidence only. It does not infer civil identity, residence or private relationships."
cabacinho_e_vesgo,Cabacinho e Vesgo,no_examples_valid,Cabacinho e Vesgo,true,male,cb_20021128_0204,false,,,false,,,,registered_only,historical_nickname_level_only,no_civil_identity_inference,"This index joins nickname-level evidence only. It does not infer civil identity, residence or private relationships."
caca_barra_ou_carol,CACA_BARRA OU CAROL,no_examples_valid,CACA_BARRA OU CAROL,true,female,cb_20021128_1055,false,,,false,,,,registered_only,historical_nickname_level_only,no_civil_identity_inference,"This index joins nickname-level evidence only. It does not infer civil identity, residence or private relationships."
cacafrozen,cacaFROZEN,all_examples_valid,,true,female,cb_20021128_1056,false,,,false,,,,registered_only,historical_nickname_level_only,no_civil_identity_inference,"This index joins nickname-level evidence only. It does not infer civil identity, residence or private relationships."
cachorr_jpa,Cachorr_Jpa,all_examples_valid,,true,male,cb_20021128_0205,false,,,false,,,,registered_only,historical_nickname_level_only,no_civil_identity_inference,"This index joins nickname-level evidence only. It does not infer civil identity, residence or private relationships."
caciqueschwarts,caciqueschwarts,all_examples_valid,,true,male,cb_20021128_0206,false,,,false,,,,registered_only,historical_nickname_level_only,no_civil_identity_inference,"This index joins nickname-level evidence only. It does not infer civil identity, residence or private relationships."
caco,CACO,all_examples_valid,,true,male,cb_20021128_0207,false,,,false,,,,registered_only,historical_nickname_level_only,no_civil_identity_inference,"This index joins nickname-level evidence only. It does not infer civil identity, residence or private relationships."
caderno,caderno,all_examples_valid,,true,male,cb_20021128_0208,false,,,false,,,,registered_only,historical_nickname_level_only,no_civil_identity_inference,"This index joins nickname-level evidence only. It does not infer civil identity, residence or private relationships."
cado-barra,cado-barra,all_examples_valid,,true,male,cb_20021128_0209,false,,,false,,,,registered_only,historical_nickname_level_only,no_civil_identity_inference,"This index joins nickname-level evidence only. It does not infer civil identity, residence or private relationships."
cafezinhu,cafezinhu,all_examples_valid,,true,male,cb_20021128_0210,false,,,false,,,,registered_only,historical_nickname_level_only,no_civil_identity_inference,"This index joins nickname-level evidence only. It does not infer civil identity, residence or private relationships."
caioboy,Caio.boy,no_examples_valid,Caio.boy,true,male,cb_20021128_0211,false,,,false,,,,registered_only,historical_nickname_level_only,no_civil_identity_inference,"This index joins nickname-level evidence only. It does not infer civil identity, residence or private relationships."
cako,CaKo,all_examples_valid,,true,male,cb_20021128_0212,false,,,false,,,,registered_only,historical_nickname_level_only,no_civil_identity_inference,"This index joins nickname-level evidence only. It does not infer civil identity, residence or private relationships."
californian_boy,Californian_Boy,all_examples_valid,,true,male,cb_20021128_0213,false,,,false,,,,registered_only,historical_nickname_level_only,no_civil_identity_inference,"This index joins nickname-level evidence only. It does not infer civil identity, residence or private relationships."
caliokinha_loka,CaLiOkInHa_LoKa,all_examples_valid,,true,female,cb_20021128_1057,false,,,false,,,,registered_only,historical_nickname_level_only,no_civil_identity_inference,"This index joins nickname-level evidence only. It does not infer civil identity, residence or private relationships."
calvin,Calvin,all_examples_valid,,true,male,cb_20021128_0214,false,,,false,,,,registered_only,historical_nickname_level_only,no_civil_identity_inference,"This index joins nickname-level evidence only. It does not infer civil identity, residence or private relationships."
calvinklein_rj,CalvinKlein_RJ,all_examples_valid,,true,male,cb_20021128_0215,false,,,false,,,,registered_only,historical_nickname_level_only,no_civil_identity_inference,"This index joins nickname-level evidence only. It does not infer civil identity, residence or private relationships."
camy,CAMY | camy,all_examples_valid,,true,female,cb_20021128_1058,true,,cb_access_200012_020,false,,,,registered_operator,historical_nickname_level_only,no_civil_identity_inference,"This index joins nickname-level evidence only. It does not infer civil identity, residence or private relationships."
caralegal_barra,CaraLegal_Barra,all_examples_valid,,true,male,cb_20021128_0216,false,,,false,,,,registered_only,historical_nickname_level_only,no_civil_identity_inference,"This index joins nickname-level evidence only. It does not infer civil identity, residence or private relationships."
caralegaldecopa,CaraLegaldeCopa,all_examples_valid,,true,male,cb_20021128_0217,false,,,false,,,,registered_only,historical_nickname_level_only,no_civil_identity_inference,"This index joins nickname-level evidence only. It does not infer civil identity, residence or private relationships."
carente,CARENTE,all_examples_valid,,true,male,cb_20021128_0218,false,,,false,,,,registered_only,historical_nickname_level_only,no_civil_identity_inference,"This index joins nickname-level evidence only. It does not infer civil identity, residence or private relationships."
carffacil,Carffacil,all_examples_valid,,true,male,cb_20021128_0219,false,,,false,,,,registered_only,historical_nickname_level_only,no_civil_identity_inference,"This index joins nickname-level evidence only. It does not infer civil identity, residence or private relationships."
carioca_em_sampa,carioca_em_sampa,all_examples_valid,,true,male,cb_20021128_0220,false,,,false,,,,registered_only,historical_nickname_level_only,no_civil_identity_inference,"This index joins nickname-level evidence only. It does not infer civil identity, residence or private relationships."
carlinhos_dj,Carlinhos_DJ,all_examples_valid,,true,male,cb_20021128_0221,false,,,false,,,,registered_only,historical_nickname_level_only,no_civil_identity_inference,"This index joins nickname-level evidence only. It does not infer civil identity, residence or private relationships."
carlosantonio,CarlosAntonio,all_examples_valid,,true,male,cb_20021128_0222,false,,,false,,,,registered_only,historical_nickname_level_only,no_civil_identity_inference,"This index joins nickname-level evidence only. It does not infer civil identity, residence or private relationships."
carlosrj31,CarlosRJ31,all_examples_valid,,true,male,cb_20021128_0223,false,,,false,,,,registered_only,historical_nickname_level_only,no_civil_identity_inference,"This index joins nickname-level evidence only. It does not infer civil identity, residence or private relationships."
carmaggedon-rj,Carmaggedon-RJ,all_examples_valid,,true,male,cb_20021128_0224,false,,,false,,,,registered_only,historical_nickname_level_only,no_civil_identity_inference,"This index joins nickname-level evidence only. It does not infer civil identity, residence or private relationships."
carol,Carol,all_examples_valid,,true,female,cb_20021128_1059,false,,,false,,,,registered_only,historical_nickname_level_only,no_civil_identity_inference,"This index joins nickname-level evidence only. It does not infer civil identity, residence or private relationships."
carol_bxp,Carol_BXP,all_examples_valid,,true,female,cb_20021128_1060,false,,,false,,,,registered_only,historical_nickname_level_only,no_civil_identity_inference,"This index joins nickname-level evidence only. It does not infer civil identity, residence or private relationships."
carol_vascaina,Carol_Vascaina,all_examples_valid,,true,female,cb_20021128_0962,false,,,false,,,,registered_only,historical_nickname_level_only,no_civil_identity_inference,"This index joins nickname-level evidence only. It does not infer civil identity, residence or private relationships."
carolzinha``,carolzinha``,all_examples_valid,,true,female,cb_20021128_1061,false,,,false,,,,registered_only,historical_nickname_level_only,no_civil_identity_inference,"This index joins nickname-level evidence only. It does not infer civil identity, residence or private relationships."
carolzita,Carolzita,all_examples_valid,,true,female,cb_20021128_1062,false,,,false,,,,registered_only,historical_nickname_level_only,no_civil_identity_inference,"This index joins nickname-level evidence only. It does not infer civil identity, residence or private relationships."
cassador,CaSSador,all_examples_valid,,true,male,cb_20021128_0226,false,,,false,,,,registered_only,historical_nickname_level_only,no_civil_identity_inference,"This index joins nickname-level evidence only. It does not infer civil identity, residence or private relationships."
cassio-rj,CASSIO-RJ,all_examples_valid,,true,male,cb_20021128_0228,false,,,false,,,,registered_only,historical_nickname_level_only,no_civil_identity_inference,"This index joins nickname-level evidence only. It does not infer civil identity, residence or private relationships."
cassio_luta_livre,CASSIO_LUTA_LIVRE,all_examples_valid,,true,male,cb_20021128_0227,false,,,false,,,,registered_only,historical_nickname_level_only,no_civil_identity_inference,"This index joins nickname-level evidence only. It does not infer civil identity, residence or private relationships."
cat_inha,CAT inha,no_examples_valid,CAT inha,true,female,cb_20021128_1063,false,,,false,,,,registered_only,historical_nickname_level_only,no_civil_identity_inference,"This index joins nickname-level evidence only. It does not infer civil identity, residence or private relationships."
catatal,Catatal,all_examples_valid,,true,male,cb_20021128_0229,false,,,false,,,,registered_only,historical_nickname_level_only,no_civil_identity_inference,"This index joins nickname-level evidence only. It does not infer civil identity, residence or private relationships."
catherine,CATHERiNE,all_examples_valid,,true,female,cb_20021128_1064,false,,,false,,,,registered_only,historical_nickname_level_only,no_civil_identity_inference,"This index joins nickname-level evidence only. It does not infer civil identity, residence or private relationships."
cava,Cava,all_examples_valid,,true,male,cb_20021128_0230,false,,,false,,,,registered_only,historical_nickname_level_only,no_civil_identity_inference,"This index joins nickname-level evidence only. It does not infer civil identity, residence or private relationships."
cavalo_doido_rj,CAVALO_DOIDO_RJ,all_examples_valid,,true,male,cb_20021128_0231,false,,,false,,,,registered_only,historical_nickname_level_only,no_civil_identity_inference,"This index joins nickname-level evidence only. It does not infer civil identity, residence or private relationships."
caw_do_leme,CAW_do_Leme,all_examples_valid,,true,male,cb_20021128_0232,false,,,false,,,,registered_only,historical_nickname_level_only,no_civil_identity_inference,"This index joins nickname-level evidence only. It does not infer civil identity, residence or private relationships."
cebola_potter,Cebola_Potter,all_examples_valid,,true,male,cb_20021128_0233,false,,,false,,,,registered_only,historical_nickname_level_only,no_civil_identity_inference,"This index joins nickname-level evidence only. It does not infer civil identity, residence or private relationships."
cebolinha,Cebolinha,all_examples_valid,,true,male,cb_20021128_0234,false,,,false,,,,registered_only,historical_nickname_level_only,no_civil_identity_inference,"This index joins nickname-level evidence only. It does not infer civil identity, residence or private relationships."
cello_pers_trai_ufrj,Cello_Pers_Trai_UFRJ,all_examples_valid,,true,male,cb_20021128_0235,false,,,false,,,,registered_only,historical_nickname_level_only,no_civil_identity_inference,"This index joins nickname-level evidence only. It does not infer civil identity, residence or private relationships."
celo,celo,all_examples_valid,,true,male,cb_20021128_0236,false,,,false,,,,registered_only,historical_nickname_level_only,no_civil_identity_inference,"This index joins nickname-level evidence only. It does not infer civil identity, residence or private relationships."
celo_rj,CELO_RJ,all_examples_valid,,true,male,cb_20021128_0237,false,,,false,,,,registered_only,historical_nickname_level_only,no_civil_identity_inference,"This index joins nickname-level evidence only. It does not infer civil identity, residence or private relationships."
celo_vip,Celo_Vip,all_examples_valid,,true,male,cb_20021128_0238,false,,,false,,,,registered_only,historical_nickname_level_only,no_civil_identity_inference,"This index joins nickname-level evidence only. It does not infer civil identity, residence or private relationships."
cely,CELY,all_examples_valid,,false,,,false,,,true,cb_reveillon_2000_2001_post_reveillon,Canal Barra Reveillon 2000-2001 / post-Reveillon gathering,data/raw/ircontros/reveillon-2000-2001-post-reveillon.csv,ircontro_presence_only,historical_nickname_level_only,no_civil_identity_inference,"This index joins nickname-level evidence only. It does not infer civil identity, residence or private relationships."
cesaretony,cesaretony,all_examples_valid,,true,male,cb_20021128_0239,false,,,false,,,,registered_only,historical_nickname_level_only,no_civil_identity_inference,"This index joins nickname-level evidence only. It does not infer civil identity, residence or private relationships."
cezar_c-barra,cezar c-barra,no_examples_valid,cezar c-barra,true,male,cb_20021128_0240,false,,,false,,,,registered_only,historical_nickname_level_only,no_civil_identity_inference,"This index joins nickname-level evidence only. It does not infer civil identity, residence or private relationships."
chapadeiro,Chapadeiro,all_examples_valid,,true,male,cb_20021128_0241,false,,,false,,,,registered_only,historical_nickname_level_only,no_civil_identity_inference,"This index joins nickname-level evidence only. It does not infer civil identity, residence or private relationships."
chapolim,chapolim,all_examples_valid,,true,male,cb_20021128_0242,false,,,false,,,,registered_only,historical_nickname_level_only,no_civil_identity_inference,"This index joins nickname-level evidence only. It does not infer civil identity, residence or private relationships."
chatirson,Chatirson,all_examples_valid,,true,male,cb_20021128_0243,false,,,false,,,,registered_only,historical_nickname_level_only,no_civil_identity_inference,"This index joins nickname-level evidence only. It does not infer civil identity, residence or private relationships."
chefito,Chefito,all_examples_valid,,true,male,cb_20021128_0244 | cb_20021128_0245,false,,,false,,,,registered_only,historical_nickname_level_only,no_civil_identity_inference,"This index joins nickname-level evidence only. It does not infer civil identity, residence or private relationships."
chico26-rj,chico26-rj,all_examples_valid,,true,male,cb_20021128_0246,false,,,false,,,,registered_only,historical_nickname_level_only,no_civil_identity_inference,"This index joins nickname-level evidence only. It does not infer civil identity, residence or private relationships."
christiane_fontes,Christiane_Fontes,all_examples_valid,,true,female,cb_20021128_1065,false,,,false,,,,registered_only,historical_nickname_level_only,no_civil_identity_inference,"This index joins nickname-level evidence only. It does not infer civil identity, residence or private relationships."
christiano_uk,Christiano_uk,all_examples_valid,,true,male,cb_20021128_0247,false,,,false,,,,registered_only,historical_nickname_level_only,no_civil_identity_inference,"This index joins nickname-level evidence only. It does not infer civil identity, residence or private relationships."
chuck__norris,Chuck__Norris,all_examples_valid,,true,male,cb_20021128_0248,false,,,false,,,,registered_only,historical_nickname_level_only,no_civil_identity_inference,"This index joins nickname-level evidence only. It does not infer civil identity, residence or private relationships."
cindy-rj,Cindy-Rj,all_examples_valid,,true,female,cb_20021128_1066,false,,,false,,,,registered_only,historical_nickname_level_only,no_civil_identity_inference,"This index joins nickname-level evidence only. It does not infer civil identity, residence or private relationships."
cinthia_fla,Cinthia_Fla,all_examples_valid,,true,female,cb_20021128_1068,false,,,false,,,,registered_only,historical_nickname_level_only,no_civil_identity_inference,"This index joins nickname-level evidence only. It does not infer civil identity, residence or private relationships."
cinthia_mclean2,Cinthia Mclean2,no_examples_valid,Cinthia Mclean2,true,female,cb_20021128_1067,false,,,false,,,,registered_only,historical_nickname_level_only,no_civil_identity_inference,"This index joins nickname-level evidence only. It does not infer civil identity, residence or private relationships."
claram,ClaraM,all_examples_valid,,false,,,true,,cb_access_200012_007,false,,,,operator_only,historical_nickname_level_only,no_civil_identity_inference,"This index joins nickname-level evidence only. It does not infer civil identity, residence or private relationships."
clarissa_barra,Clarissa_Barra,all_examples_valid,,true,female,cb_20021128_1069,false,,,false,,,,registered_only,historical_nickname_level_only,no_civil_identity_inference,"This index joins nickname-level evidence only. It does not infer civil identity, residence or private relationships."
clark_kent,Clark Kent,no_examples_valid,Clark Kent,true,male,cb_20021128_0249,false,,,false,,,,registered_only,historical_nickname_level_only,no_civil_identity_inference,"This index joins nickname-level evidence only. It does not infer civil identity, residence or private relationships."
cleopatra,Cleopatra_,all_examples_valid,,true,female,cb_20021128_1070,false,,,false,,,,registered_only,historical_nickname_level_only,no_civil_identity_inference,"This index joins nickname-level evidence only. It does not infer civil identity, residence or private relationships."
cobra_rj,Cobra_RJ,all_examples_valid,,true,male,cb_20021128_0250,false,,,false,,,,registered_only,historical_nickname_level_only,no_civil_identity_inference,"This index joins nickname-level evidence only. It does not infer civil identity, residence or private relationships."
coelho-rj,coelho-rj,all_examples_valid,,true,male,cb_20021128_0251,false,,,false,,,,registered_only,historical_nickname_level_only,no_civil_identity_inference,"This index joins nickname-level evidence only. It does not infer civil identity, residence or private relationships."
compan,Compan,all_examples_valid,,true,male,cb_20021128_0252,false,,,false,,,,registered_only,historical_nickname_level_only,no_civil_identity_inference,"This index joins nickname-level evidence only. It does not infer civil identity, residence or private relationships."
competente,Competente,all_examples_valid,,true,male,cb_20021128_0253,false,,,false,,,,registered_only,historical_nickname_level_only,no_civil_identity_inference,"This index joins nickname-level evidence only. It does not infer civil identity, residence or private relationships."
compulsivo,Compulsivo,all_examples_valid,,true,male,cb_20021128_0254,false,,,false,,,,registered_only,historical_nickname_level_only,no_civil_identity_inference,"This index joins nickname-level evidence only. It does not infer civil identity, residence or private relationships."
correa-rj,CORREA-RJ,all_examples_valid,,true,male,cb_20021128_0255,false,,,false,,,,registered_only,historical_nickname_level_only,no_civil_identity_inference,"This index joins nickname-level evidence only. It does not infer civil identity, residence or private relationships."
coyote_barra,_coyote_barra_,all_examples_valid,,true,male,cb_20021128_0053,false,,,false,,,,registered_only,historical_nickname_level_only,no_civil_identity_inference,"This index joins nickname-level evidence only. It does not infer civil identity, residence or private relationships."
cr_lucasfrc,CR_LucasFRC,all_examples_valid,,true,male,cb_20021128_0256,false,,,false,,,,registered_only,historical_nickname_level_only,no_civil_identity_inference,"This index joins nickname-level evidence only. It does not infer civil identity, residence or private relationships."
crauser,Crauser_,all_examples_valid,,true,male,cb_20021128_0257,false,,,false,,,,registered_only,historical_nickname_level_only,no_civil_identity_inference,"This index joins nickname-level evidence only. It does not infer civil identity, residence or private relationships."
crazy_rock_girl,Crazy_Rock_Girl,all_examples_valid,,true,female,cb_20021128_1071,false,,,false,,,,registered_only,historical_nickname_level_only,no_civil_identity_inference,"This index joins nickname-level evidence only. It does not infer civil identity, residence or private relationships."
crentehrj,C@RENTEH/RJ,no_examples_valid,C@RENTEH/RJ,true,male,cb_20021128_0202,false,,,false,,,,registered_only,historical_nickname_level_only,no_civil_identity_inference,"This index joins nickname-level evidence only. It does not infer civil identity, residence or private relationships."
cris,cris,all_examples_valid,,true,female,cb_20021128_1072,false,,,false,,,,registered_only,historical_nickname_level_only,no_civil_identity_inference,"This index joins nickname-level evidence only. It does not infer civil identity, residence or private relationships."
cris-barra,Cris-Barra,all_examples_valid,,true,female,cb_20021128_1075,false,,,false,,,,registered_only,historical_nickname_level_only,no_civil_identity_inference,"This index joins nickname-level evidence only. It does not infer civil identity, residence or private relationships."
cris_b,Cris_b,all_examples_valid,,true,female,cb_20021128_1073,false,,,false,,,,registered_only,historical_nickname_level_only,no_civil_identity_inference,"This index joins nickname-level evidence only. It does not infer civil identity, residence or private relationships."
cris_dani,CRIS_DANI,all_examples_valid,,true,female,cb_20021128_1074,false,,,false,,,,registered_only,historical_nickname_level_only,no_civil_identity_inference,"This index joins nickname-level evidence only. It does not infer civil identity, residence or private relationships."
crisgatinha_rj,crisgatinha_rj,all_examples_valid,,true,female,cb_20021128_1076,false,,,false,,,,registered_only,historical_nickname_level_only,no_civil_identity_inference,"This index joins nickname-level evidence only. It does not infer civil identity, residence or private relationships."
criss,_CRISS_,all_examples_valid,,true,female,cb_20021128_0981,false,,,false,,,,registered_only,historical_nickname_level_only,no_civil_identity_inference,"This index joins nickname-level evidence only. It does not infer civil identity, residence or private relationships."
cristal,Cristal,all_examples_valid,,true,female,cb_20021128_1077,false,,,false,,,,registered_only,historical_nickname_level_only,no_civil_identity_inference,"This index joins nickname-level evidence only. It does not infer civil identity, residence or private relationships."
cristiano982,cristiano982,all_examples_valid,,true,male,cb_20021128_0258,false,,,false,,,,registered_only,historical_nickname_level_only,no_civil_identity_inference,"This index joins nickname-level evidence only. It does not infer civil identity, residence or private relationships."
cristy26ilha,cristy26ilha,all_examples_valid,,true,female,cb_20021128_1078,false,,,false,,,,registered_only,historical_nickname_level_only,no_civil_identity_inference,"This index joins nickname-level evidence only. It does not infer civil identity, residence or private relationships."
cuca_maromba,CuCa_Maromba,all_examples_valid,,true,female,cb_20021128_1079,false,,,false,,,,registered_only,historical_nickname_level_only,no_civil_identity_inference,"This index joins nickname-level evidence only. It does not infer civil identity, residence or private relationships."
cyb3r_jp4,CYB3R_JP4,all_examples_valid,,true,male,cb_20021128_0259,false,,,false,,,,registered_only,historical_nickname_level_only,no_civil_identity_inference,"This index joins nickname-level evidence only. It does not infer civil identity, residence or private relationships."
cyndy,Cyndy,all_examples_valid,,true,female,cb_20021128_1080,false,,,false,,,,registered_only,historical_nickname_level_only,no_civil_identity_inference,"This index joins nickname-level evidence only. It does not infer civil identity, residence or private relationships."
cynthia,cynthia,all_examples_valid,,true,female,cb_20021128_1081,false,,,false,,,,registered_only,historical_nickname_level_only,no_civil_identity_inference,"This index joins nickname-level evidence only. It does not infer civil identity, residence or private relationships."
dado_mantovanni,Dado Mantovanni,no_examples_valid,Dado Mantovanni,true,male,cb_20021128_0260,false,,,false,,,,registered_only,historical_nickname_level_only,no_civil_identity_inference,"This index joins nickname-level evidence only. It does not infer civil identity, residence or private relationships."
dadorj,DadoRJ,all_examples_valid,,true,male,cb_20021128_0261,false,,,false,,,,registered_only,historical_nickname_level_only,no_civil_identity_inference,"This index joins nickname-level evidence only. It does not infer civil identity, residence or private relationships."
daisybarra,Daisybarra,all_examples_valid,,true,female,cb_20021128_1082,false,,,false,,,,registered_only,historical_nickname_level_only,no_civil_identity_inference,"This index joins nickname-level evidence only. It does not infer civil identity, residence or private relationships."
dan`up_girl_bbt,dAn`Up_GiRl_BBT,all_examples_valid,,true,female,cb_20021128_1083,false,,,false,,,,registered_only,historical_nickname_level_only,no_civil_identity_inference,"This index joins nickname-level evidence only. It does not infer civil identity, residence or private relationships."
danadinho-rj,Danadinho-Rj,all_examples_valid,,true,male,cb_20021128_0262,false,,,false,,,,registered_only,historical_nickname_level_only,no_civil_identity_inference,"This index joins nickname-level evidence only. It does not infer civil identity, residence or private relationships."
danado_jpa,Danado_JPA,all_examples_valid,,true,male,cb_20021128_0263,false,,,false,,,,registered_only,historical_nickname_level_only,no_civil_identity_inference,"This index joins nickname-level evidence only. It does not infer civil identity, residence or private relationships."
danceforme,DanceforMe,all_examples_valid,,true,male,cb_20021128_0264,false,,,false,,,,registered_only,historical_nickname_level_only,no_civil_identity_inference,"This index joins nickname-level evidence only. It does not infer civil identity, residence or private relationships."
danfire,Danfire,all_examples_valid,,true,male,cb_20021128_0265,false,,,false,,,,registered_only,historical_nickname_level_only,no_civil_identity_inference,"This index joins nickname-level evidence only. It does not infer civil identity, residence or private relationships."
dani_t2,DANI T2,no_examples_valid,DANI T2,true,female,cb_20021128_1084,false,,,false,,,,registered_only,historical_nickname_level_only,no_civil_identity_inference,"This index joins nickname-level evidence only. It does not infer civil identity, residence or private relationships."
daniel--,daniel--,all_examples_valid,,true,male,cb_20021128_0266,false,,,false,,,,registered_only,historical_nickname_level_only,no_civil_identity_inference,"This index joins nickname-level evidence only. It does not infer civil identity, residence or private relationships."
daniel-recreio,Daniel-Recreio,all_examples_valid,,true,male,cb_20021128_0272,false,,,false,,,,registered_only,historical_nickname_level_only,no_civil_identity_inference,"This index joins nickname-level evidence only. It does not infer civil identity, residence or private relationships."
daniel__gj,Daniel__GJ,all_examples_valid,,true,male,cb_20021128_0267,false,,,false,,,,registered_only,historical_nickname_level_only,no_civil_identity_inference,"This index joins nickname-level evidence only. It does not infer civil identity, residence or private relationships."
daniel_barra,DANIEL_BARRA,all_examples_valid,,true,male,cb_20021128_0268,false,,,false,,,,registered_only,historical_nickname_level_only,no_civil_identity_inference,"This index joins nickname-level evidence only. It does not infer civil identity, residence or private relationships."
daniel_copa,DaNiEl_CoPa,all_examples_valid,,true,male,cb_20021128_0269,false,,,false,,,,registered_only,historical_nickname_level_only,no_civil_identity_inference,"This index joins nickname-level evidence only. It does not infer civil identity, residence or private relationships."
daniel_recreio,Daniel_Recreio,all_examples_valid,,true,male,cb_20021128_0004,false,,,false,,,,registered_only,historical_nickname_level_only,no_civil_identity_inference,"This index joins nickname-level evidence only. It does not infer civil identity, residence or private relationships."
daniel_sortudo,Daniel_Sortudo,all_examples_valid,,true,male,cb_20021128_0270,false,,,false,,,,registered_only,historical_nickname_level_only,no_civil_identity_inference,"This index joins nickname-level evidence only. It does not infer civil identity, residence or private relationships."
daniel_sport_vital,DanieL_Sport_Vital,all_examples_valid,,true,male,cb_20021128_0271,false,,,false,,,,registered_only,historical_nickname_level_only,no_civil_identity_inference,"This index joins nickname-level evidence only. It does not infer civil identity, residence or private relationships."
danielle-copa,danielle-copa,all_examples_valid,,true,female,cb_20021128_1085,false,,,false,,,,registered_only,historical_nickname_level_only,no_civil_identity_inference,"This index joins nickname-level evidence only. It does not infer civil identity, residence or private relationships."
danielle-rj,danielle-rj,all_examples_valid,,true,female,cb_20021128_1086,false,,,false,,,,registered_only,historical_nickname_level_only,no_civil_identity_inference,"This index joins nickname-level evidence only. It does not infer civil identity, residence or private relationships."
danirj,DaNiRJ,all_examples_valid,,true,female,cb_20021128_1087,false,,,false,,,,registered_only,historical_nickname_level_only,no_civil_identity_inference,"This index joins nickname-level evidence only. It does not infer civil identity, residence or private relationships."
danyrj,Dany/RJ,no_examples_valid,Dany/RJ,true,female,cb_20021128_1088,false,,,false,,,,registered_only,historical_nickname_level_only,no_civil_identity_inference,"This index joins nickname-level evidence only. It does not infer civil identity, residence or private relationships."
danyzinhamiau,DanyzinhaMIAU,all_examples_valid,,true,female,cb_20021128_1089,false,,,false,,,,registered_only,historical_nickname_level_only,no_civil_identity_inference,"This index joins nickname-level evidence only. It does not infer civil identity, residence or private relationships."
dark,Dark,all_examples_valid,,true,male,cb_20021128_0273,false,,,false,,,,registered_only,historical_nickname_level_only,no_civil_identity_inference,"This index joins nickname-level evidence only. It does not infer civil identity, residence or private relationships."
darkbird,Darkbird,all_examples_valid,,true,male,cb_20021128_0274,false,,,false,,,,registered_only,historical_nickname_level_only,no_civil_identity_inference,"This index joins nickname-level evidence only. It does not infer civil identity, residence or private relationships."
darkcrazzy,DaRkCrAzZy,all_examples_valid,,true,male,cb_20021128_0275,false,,,false,,,,registered_only,historical_nickname_level_only,no_civil_identity_inference,"This index joins nickname-level evidence only. It does not infer civil identity, residence or private relationships."
darkdevil,DarkDeviL,all_examples_valid,,true,male,cb_20021128_0276,false,,,false,,,,registered_only,historical_nickname_level_only,no_civil_identity_inference,"This index joins nickname-level evidence only. It does not infer civil identity, residence or private relationships."
ddexterr,DDeXTerr,all_examples_valid,,true,male,cb_20021128_0277,false,,,false,,,,registered_only,historical_nickname_level_only,no_civil_identity_inference,"This index joins nickname-level evidence only. It does not infer civil identity, residence or private relationships."
deborah,Deborah_,all_examples_valid,,true,female,cb_20021128_1090,false,,,false,,,,registered_only,historical_nickname_level_only,no_civil_identity_inference,"This index joins nickname-level evidence only. It does not infer civil identity, residence or private relationships."
deco22,Deco22_,all_examples_valid,,true,male,cb_20021128_0278,false,,,false,,,,registered_only,historical_nickname_level_only,no_civil_identity_inference,"This index joins nickname-level evidence only. It does not infer civil identity, residence or private relationships."
dede-copa,dede-copa,all_examples_valid,,true,male,cb_20021128_0279,false,,,false,,,,registered_only,historical_nickname_level_only,no_civil_identity_inference,"This index joins nickname-level evidence only. It does not infer civil identity, residence or private relationships."
dede-rj,Dedé-RJ,no_examples_valid,Dedé-RJ,true,male,cb_20021128_0280,false,,,false,,,,registered_only,historical_nickname_level_only,no_civil_identity_inference,"This index joins nickname-level evidence only. It does not infer civil identity, residence or private relationships."
deinha,Deinha,all_examples_valid,,true,female,cb_20021128_1091,false,,,false,,,,registered_only,historical_nickname_level_only,no_civil_identity_inference,"This index joins nickname-level evidence only. It does not infer civil identity, residence or private relationships."
deleva,DeLeVa,all_examples_valid,,true,male,cb_20021128_0281,false,,,false,,,,registered_only,historical_nickname_level_only,no_civil_identity_inference,"This index joins nickname-level evidence only. It does not infer civil identity, residence or private relationships."
denilson,denilson,all_examples_valid,,true,male,cb_20021128_0282 | cb_20021128_0283,false,,,false,,,,registered_only,historical_nickname_level_only,no_civil_identity_inference,"This index joins nickname-level evidence only. It does not infer civil identity, residence or private relationships."
dennis`,DENNIS`,all_examples_valid,,true,male,cb_20021128_0284,false,,,false,,,,registered_only,historical_nickname_level_only,no_civil_identity_inference,"This index joins nickname-level evidence only. It does not infer civil identity, residence or private relationships."
dentinho_vp,Dentinho_Vp,all_examples_valid,,true,male,cb_20021128_0285,false,,,false,,,,registered_only,historical_nickname_level_only,no_civil_identity_inference,"This index joins nickname-level evidence only. It does not infer civil identity, residence or private relationships."
deus_grego_rj,Deus Grego_RJ,no_examples_valid,Deus Grego_RJ,true,male,cb_20021128_0286,false,,,false,,,,registered_only,historical_nickname_level_only,no_civil_identity_inference,"This index joins nickname-level evidence only. It does not infer civil identity, residence or private relationships."
deusa_da_barra,Deusa_da_Barra,all_examples_valid,,true,female,cb_20021128_1092,false,,,false,,,,registered_only,historical_nickname_level_only,no_civil_identity_inference,"This index joins nickname-level evidence only. It does not infer civil identity, residence or private relationships."
deusinha,Deusinha,all_examples_valid,,true,female,cb_20021128_1093,false,,,false,,,,registered_only,historical_nickname_level_only,no_civil_identity_inference,"This index joins nickname-level evidence only. It does not infer civil identity, residence or private relationships."
di-abreu,DI-ABREU,all_examples_valid,,true,male,cb_20021128_0287,false,,,false,,,,registered_only,historical_nickname_level_only,no_civil_identity_inference,"This index joins nickname-level evidence only. It does not infer civil identity, residence or private relationships."
diana_21,Diana_21,all_examples_valid,,true,female,cb_20021128_1094,false,,,false,,,,registered_only,historical_nickname_level_only,no_civil_identity_inference,"This index joins nickname-level evidence only. It does not infer civil identity, residence or private relationships."
didi_das_candongasrj,DiDi_das_CanDonGaSRJ,all_examples_valid,,true,male,cb_20021128_0288,false,,,false,,,,registered_only,historical_nickname_level_only,no_civil_identity_inference,"This index joins nickname-level evidence only. It does not infer civil identity, residence or private relationships."
diferente_rj_street,Diferente_Rj_Street,all_examples_valid,,true,male,cb_20021128_0289,false,,,false,,,,registered_only,historical_nickname_level_only,no_civil_identity_inference,"This index joins nickname-level evidence only. It does not infer civil identity, residence or private relationships."
digo,digo,all_examples_valid,,true,male,cb_20021128_0290,false,,,false,,,,registered_only,historical_nickname_level_only,no_civil_identity_inference,"This index joins nickname-level evidence only. It does not infer civil identity, residence or private relationships."
dim_telles,Dim telles,no_examples_valid,Dim telles,true,female,cb_20021128_1095,false,,,false,,,,registered_only,historical_nickname_level_only,no_civil_identity_inference,"This index joins nickname-level evidence only. It does not infer civil identity, residence or private relationships."
dinho-vv,Dinho-V.V,no_examples_valid,Dinho-V.V,true,male,cb_20021128_0292,false,,,false,,,,registered_only,historical_nickname_level_only,no_civil_identity_inference,"This index joins nickname-level evidence only. It does not infer civil identity, residence or private relationships."
dinho_hc,DINHO_HC,all_examples_valid,,true,male,cb_20021128_0291,false,,,false,,,,registered_only,historical_nickname_level_only,no_civil_identity_inference,"This index joins nickname-level evidence only. It does not infer civil identity, residence or private relationships."
disable,disable,all_examples_valid,,true,male,cb_20021128_0293,false,,,false,,,,registered_only,historical_nickname_level_only,no_civil_identity_inference,"This index joins nickname-level evidence only. It does not infer civil identity, residence or private relationships."
disunga,DiSunga,all_examples_valid,,true,male,cb_20021128_0294,false,,,false,,,,registered_only,historical_nickname_level_only,no_civil_identity_inference,"This index joins nickname-level evidence only. It does not infer civil identity, residence or private relationships."
dj-diego,DJ-Diego,all_examples_valid,,true,male,cb_20021128_0300,false,,,false,,,,registered_only,historical_nickname_level_only,no_civil_identity_inference,"This index joins nickname-level evidence only. It does not infer civil identity, residence or private relationships."
dj-juliano-rj,DJ-JULIANO-RJ,all_examples_valid,,true,male,cb_20021128_0301,false,,,false,,,,registered_only,historical_nickname_level_only,no_civil_identity_inference,"This index joins nickname-level evidence only. It does not infer civil identity, residence or private relationships."
dj_felipe_carva,Dj_Felipe_Carva...,no_examples_valid,Dj_Felipe_Carva...,true,male,cb_20021128_0296,false,,,false,,,,registered_only,historical_nickname_level_only,no_civil_identity_inference,"This index joins nickname-level evidence only. It does not infer civil identity, residence or private relationships."
dj_nando,Dj_Nando,all_examples_valid,,true,male,cb_20021128_0297,false,,,false,,,,registered_only,historical_nickname_level_only,no_civil_identity_inference,"This index joins nickname-level evidence only. It does not infer civil identity, residence or private relationships."
dj_sank,DJ_Sank,all_examples_valid,,true,male,cb_20021128_0298,false,,,false,,,,registered_only,historical_nickname_level_only,no_civil_identity_inference,"This index joins nickname-level evidence only. It does not infer civil identity, residence or private relationships."
dj_x-m,DJ X-M,no_examples_valid,DJ X-M,true,male,cb_20021128_0295,false,,,false,,,,registered_only,historical_nickname_level_only,no_civil_identity_inference,"This index joins nickname-level evidence only. It does not infer civil identity, residence or private relationships."
djandre,DJAndre,all_examples_valid,,true,male,cb_20021128_0299,false,,,false,,,,registered_only,historical_nickname_level_only,no_civil_identity_inference,"This index joins nickname-level evidence only. It does not infer civil identity, residence or private relationships."
djmascote,DjMascote,all_examples_valid,,true,male,cb_20021128_0302,false,,,false,,,,registered_only,historical_nickname_level_only,no_civil_identity_inference,"This index joins nickname-level evidence only. It does not infer civil identity, residence or private relationships."
djrick,DJRick,all_examples_valid,,true,male,cb_20021128_0303,false,,,false,,,,registered_only,historical_nickname_level_only,no_civil_identity_inference,"This index joins nickname-level evidence only. It does not infer civil identity, residence or private relationships."
djtartarugaaa,djtartarugaaa,all_examples_valid,,true,male,cb_20021128_0304,false,,,false,,,,registered_only,historical_nickname_level_only,no_civil_identity_inference,"This index joins nickname-level evidence only. It does not infer civil identity, residence or private relationships."
do_icq__fer_sm,do icq * FeR_sM *,no_examples_valid,do icq * FeR_sM *,true,female,cb_20021128_1096,false,,,false,,,,registered_only,historical_nickname_level_only,no_civil_identity_inference,"This index joins nickname-level evidence only. It does not infer civil identity, residence or private relationships."
docsa,Docsa,all_examples_valid,,true,female,cb_20021128_1097,false,,,false,,,,registered_only,historical_nickname_level_only,no_civil_identity_inference,"This index joins nickname-level evidence only. It does not infer civil identity, residence or private relationships."
dodo-rj,Dodo-rj,all_examples_valid,,true,male,cb_20021128_0305,false,,,false,,,,registered_only,historical_nickname_level_only,no_civil_identity_inference,"This index joins nickname-level evidence only. It does not infer civil identity, residence or private relationships."
dogs,DoGs,all_examples_valid,,true,male,cb_20021128_0306,false,,,false,,,,registered_only,historical_nickname_level_only,no_civil_identity_inference,"This index joins nickname-level evidence only. It does not infer civil identity, residence or private relationships."
doidinhorj,doidinhorj,all_examples_valid,,true,male,cb_20021128_0307,false,,,false,,,,registered_only,historical_nickname_level_only,no_civil_identity_inference,"This index joins nickname-level evidence only. It does not infer civil identity, residence or private relationships."
doido,_Doido_,all_examples_valid,,true,male,cb_20021128_0054,false,,,false,,,,registered_only,historical_nickname_level_only,no_civil_identity_inference,"This index joins nickname-level evidence only. It does not infer civil identity, residence or private relationships."
doink__hanna,Doink & Hanna,no_examples_valid,Doink & Hanna,true,male,cb_20021128_0308,false,,,false,,,,registered_only,historical_nickname_level_only,no_civil_identity_inference,"This index joins nickname-level evidence only. It does not infer civil identity, residence or private relationships."
don_juan_de_marco,DON JUAN DE MARCO,no_examples_valid,DON JUAN DE MARCO,true,male,cb_20021128_0309,false,,,false,,,,registered_only,historical_nickname_level_only,no_civil_identity_inference,"This index joins nickname-level evidence only. It does not infer civil identity, residence or private relationships."
don_ruan_del_rio,Don_Ruan_Del_Rio,all_examples_valid,,true,male,cb_20021128_0018,false,,,false,,,,registered_only,historical_nickname_level_only,no_civil_identity_inference,"This index joins nickname-level evidence only. It does not infer civil identity, residence or private relationships."
dornas2,dornas2,all_examples_valid,,true,male,cb_20021128_0310,false,,,false,,,,registered_only,historical_nickname_level_only,no_civil_identity_inference,"This index joins nickname-level evidence only. It does not infer civil identity, residence or private relationships."
dot_girl_barra,Dot_GiRl_BaRrA,all_examples_valid,,true,female,cb_20021128_1098,false,,,false,,,,registered_only,historical_nickname_level_only,no_civil_identity_inference,"This index joins nickname-level evidence only. It does not infer civil identity, residence or private relationships."
doutor-ferrari,Doutor-Ferrari,all_examples_valid,,true,male,cb_20021128_0311,false,,,false,,,,registered_only,historical_nickname_level_only,no_civil_identity_inference,"This index joins nickname-level evidence only. It does not infer civil identity, residence or private relationships."
dra_amor,Dra_Amor,all_examples_valid,,true,female,cb_20021128_1099,false,,,false,,,,registered_only,historical_nickname_level_only,no_civil_identity_inference,"This index joins nickname-level evidence only. It does not infer civil identity, residence or private relationships."
dragao,Dragao,all_examples_valid,,true,male,cb_20021128_0312,false,,,false,,,,registered_only,historical_nickname_level_only,no_civil_identity_inference,"This index joins nickname-level evidence only. It does not infer civil identity, residence or private relationships."
dressa19rjpa,Dressa19RJPA,all_examples_valid,,true,female,cb_20021128_1100,false,,,false,,,,registered_only,historical_nickname_level_only,no_civil_identity_inference,"This index joins nickname-level evidence only. It does not infer civil identity, residence or private relationships."
dri-rj,Dri-RJ,all_examples_valid,,true,female,cb_20021128_1102,false,,,false,,,,registered_only,historical_nickname_level_only,no_civil_identity_inference,"This index joins nickname-level evidence only. It does not infer civil identity, residence or private relationships."
dridri,Dridri,all_examples_valid,,true,female,cb_20021128_1101,false,,,false,,,,registered_only,historical_nickname_level_only,no_civil_identity_inference,"This index joins nickname-level evidence only. It does not infer civil identity, residence or private relationships."
drinhu_barra,drinhu barra,no_examples_valid,drinhu barra,true,male,cb_20021128_0313,false,,,false,,,,registered_only,historical_nickname_level_only,no_civil_identity_inference,"This index joins nickname-level evidence only. It does not infer civil identity, residence or private relationships."
drleon,DRLEON,all_examples_valid,,true,male,cb_20021128_0314,false,,,false,,,,registered_only,historical_nickname_level_only,no_civil_identity_inference,"This index joins nickname-level evidence only. It does not infer civil identity, residence or private relationships."
drleonrj,DrLeOnRj,all_examples_valid,,true,male,cb_20021128_0315,false,,,false,,,,registered_only,historical_nickname_level_only,no_civil_identity_inference,"This index joins nickname-level evidence only. It does not infer civil identity, residence or private relationships."
drnando,DrNando | drnando,all_examples_valid,,true,male,cb_20021128_0005,true,,cb_access_200012_015,false,,,,registered_operator,historical_nickname_level_only,no_civil_identity_inference,"This index joins nickname-level evidence only. It does not infer civil identity, residence or private relationships."
drolean,drolean,all_examples_valid,,true,male,cb_20021128_0316,false,,,false,,,,registered_only,historical_nickname_level_only,no_civil_identity_inference,"This index joins nickname-level evidence only. It does not infer civil identity, residence or private relationships."
drymartine,drymartine,all_examples_valid,,true,male,cb_20021128_0317,false,,,false,,,,registered_only,historical_nickname_level_only,no_civil_identity_inference,"This index joins nickname-level evidence only. It does not infer civil identity, residence or private relationships."
du_18,Du_18,all_examples_valid,,true,male,cb_20021128_0318,false,,,false,,,,registered_only,historical_nickname_level_only,no_civil_identity_inference,"This index joins nickname-level evidence only. It does not infer civil identity, residence or private relationships."
dudu_barra,Dudu_Barra,all_examples_valid,,true,male,cb_20021128_0319,false,,,false,,,,registered_only,historical_nickname_level_only,no_civil_identity_inference,"This index joins nickname-level evidence only. It does not infer civil identity, residence or private relationships."
dudu_rj,dudu_RJ,all_examples_valid,,true,male,cb_20021128_0320,false,,,false,,,,registered_only,historical_nickname_level_only,no_civil_identity_inference,"This index joins nickname-level evidence only. It does not infer civil identity, residence or private relationships."
duduzinho,Duduzinho,all_examples_valid,,true,male,cb_20021128_0321,false,,,false,,,,registered_only,historical_nickname_level_only,no_civil_identity_inference,"This index joins nickname-level evidence only. It does not infer civil identity, residence or private relationships."
duduzinhorj,DUDUzinhoRJ,all_examples_valid,,true,male,cb_20021128_0322,false,,,false,,,,registered_only,historical_nickname_level_only,no_civil_identity_inference,"This index joins nickname-level evidence only. It does not infer civil identity, residence or private relationships."
dunkan_macloud,Dunkan_Macloud,all_examples_valid,,true,male,cb_20021128_0323,false,,,false,,,,registered_only,historical_nickname_level_only,no_civil_identity_inference,"This index joins nickname-level evidence only. It does not infer civil identity, residence or private relationships."
dygu-florydu[barra],DyGu-FlOrYdU[Barra]_,all_examples_valid,,true,male,cb_20021128_0324,false,,,false,,,,registered_only,historical_nickname_level_only,no_civil_identity_inference,"This index joins nickname-level evidence only. It does not infer civil identity, residence or private relationships."
ed-rj,Ed-RJ,all_examples_valid,,true,male,cb_20021128_0328,false,,,false,,,,registered_only,historical_nickname_level_only,no_civil_identity_inference,"This index joins nickname-level evidence only. It does not infer civil identity, residence or private relationships."
ed-vox,Ed-Vox,all_examples_valid,,true,male,cb_20021128_0334,false,,,false,,,,registered_only,historical_nickname_level_only,no_civil_identity_inference,"This index joins nickname-level evidence only. It does not infer civil identity, residence or private relationships."
ed_vox,Ed_Vox,all_examples_valid,,true,male,cb_20021128_0325,false,,,false,,,,registered_only,historical_nickname_level_only,no_civil_identity_inference,"This index joins nickname-level evidence only. It does not infer civil identity, residence or private relationships."
eddu_rj,Eddu_RJ,all_examples_valid,,true,male,cb_20021128_0326,false,,,false,,,,registered_only,historical_nickname_level_only,no_civil_identity_inference,"This index joins nickname-level evidence only. It does not infer civil identity, residence or private relationships."
edinho,Edinho,all_examples_valid,,true,male,cb_20021128_0327,false,,,false,,,,registered_only,historical_nickname_level_only,no_civil_identity_inference,"This index joins nickname-level evidence only. It does not infer civil identity, residence or private relationships."
edu,.: Edu :. | Edu,mixed_examples,.: Edu :.,true,male,cb_20021128_0030 | cb_20021128_0329,false,,,false,,,,registered_only,historical_nickname_level_only,no_civil_identity_inference,"This index joins nickname-level evidence only. It does not infer civil identity, residence or private relationships."
edu-puc,Edu-PUC,all_examples_valid,,true,male,cb_20021128_0333,false,,,false,,,,registered_only,historical_nickname_level_only,no_civil_identity_inference,"This index joins nickname-level evidence only. It does not infer civil identity, residence or private relationships."
edu_leme,Edu_Leme,all_examples_valid,,true,male,cb_20021128_0330,false,,,false,,,,registered_only,historical_nickname_level_only,no_civil_identity_inference,"This index joins nickname-level evidence only. It does not infer civil identity, residence or private relationships."
eduardo-rj,Eduardo-RJ,all_examples_valid,,true,male,cb_20021128_0332,false,,,false,,,,registered_only,historical_nickname_level_only,no_civil_identity_inference,"This index joins nickname-level evidence only. It does not infer civil identity, residence or private relationships."
eduardo_deodoro,EDUARDO_DEODORO,all_examples_valid,,true,male,cb_20021128_0331,false,,,false,,,,registered_only,historical_nickname_level_only,no_civil_identity_inference,"This index joins nickname-level evidence only. It does not infer civil identity, residence or private relationships."
el,El_,all_examples_valid,,true,male,cb_20021128_0335,false,,,false,,,,registered_only,historical_nickname_level_only,no_civil_identity_inference,"This index joins nickname-level evidence only. It does not infer civil identity, residence or private relationships."
elitemodel-h,EliteModel-H,all_examples_valid,,true,male,cb_20021128_0336,false,,,false,,,,registered_only,historical_nickname_level_only,no_civil_identity_inference,"This index joins nickname-level evidence only. It does not infer civil identity, residence or private relationships."
endiabrado-rj-22,Endiabrado-Rj-22,all_examples_valid,,true,male,cb_20021128_0337,false,,,false,,,,registered_only,historical_nickname_level_only,no_civil_identity_inference,"This index joins nickname-level evidence only. It does not infer civil identity, residence or private relationships."
erotic_babe,_erotic_babe_,all_examples_valid,,true,female,cb_20021128_0982,false,,,false,,,,registered_only,historical_nickname_level_only,no_civil_identity_inference,"This index joins nickname-level evidence only. It does not infer civil identity, residence or private relationships."
erv|nha,ErV|nHA,all_examples_valid,,true,female,cb_20021128_0952,false,,,false,,,,registered_only,historical_nickname_level_only,no_civil_identity_inference,"This index joins nickname-level evidence only. It does not infer civil identity, residence or private relationships."
escooby_doo,escooby doo,no_examples_valid,escooby doo,true,male,cb_20021128_0338,false,,,false,,,,registered_only,historical_nickname_level_only,no_civil_identity_inference,"This index joins nickname-level evidence only. It does not infer civil identity, residence or private relationships."
escova,Escova,all_examples_valid,,true,male,cb_20021128_0339,false,,,false,,,,registered_only,historical_nickname_level_only,no_civil_identity_inference,"This index joins nickname-level evidence only. It does not infer civil identity, residence or private relationships."
espiga,Espiga,all_examples_valid,,true,male,cb_20021128_0340,false,,,false,,,,registered_only,historical_nickname_level_only,no_civil_identity_inference,"This index joins nickname-level evidence only. It does not infer civil identity, residence or private relationships."
eumesma,Eumesma,all_examples_valid,,true,female,cb_20021128_1103,false,,,false,,,,registered_only,historical_nickname_level_only,no_civil_identity_inference,"This index joins nickname-level evidence only. It does not infer civil identity, residence or private relationships."
euvc,EU&VC;,no_examples_valid,EU&VC;,true,male,cb_20021128_0341,false,,,false,,,,registered_only,historical_nickname_level_only,no_civil_identity_inference,"This index joins nickname-level evidence only. It does not infer civil identity, residence or private relationships."
euzinha,EUZINHA,all_examples_valid,,true,female,cb_20021128_1104,false,,,false,,,,registered_only,historical_nickname_level_only,no_civil_identity_inference,"This index joins nickname-level evidence only. It does not infer civil identity, residence or private relationships."
euzinha-barra,euzinha-barra,all_examples_valid,,true,female,cb_20021128_1105,false,,,false,,,,registered_only,historical_nickname_level_only,no_civil_identity_inference,"This index joins nickname-level evidence only. It does not infer civil identity, residence or private relationships."
euzinhorj,EuzinhoRJ,all_examples_valid,,true,male,cb_20021128_0342,false,,,false,,,,registered_only,historical_nickname_level_only,no_civil_identity_inference,"This index joins nickname-level evidence only. It does not infer civil identity, residence or private relationships."
eva-barra,EvA-Barra,all_examples_valid,,true,female,cb_20021128_1106,false,,,false,,,,registered_only,historical_nickname_level_only,no_civil_identity_inference,"This index joins nickname-level evidence only. It does not infer civil identity, residence or private relationships."
evora,Evora,all_examples_valid,,true,female,cb_20021128_1107,false,,,false,,,,registered_only,historical_nickname_level_only,no_civil_identity_inference,"This index joins nickname-level evidence only. It does not infer civil identity, residence or private relationships."
executivo-rj,Executivo-RJ,all_examples_valid,,true,male,cb_20021128_0343,false,,,false,,,,registered_only,historical_nickname_level_only,no_civil_identity_inference,"This index joins nickname-level evidence only. It does not infer civil identity, residence or private relationships."
fabiano_rj,Fabiano_rj,all_examples_valid,,true,male,cb_20021128_0345,false,,,false,,,,registered_only,historical_nickname_level_only,no_civil_identity_inference,"This index joins nickname-level evidence only. It does not infer civil identity, residence or private relationships."
fabinho[],Fabinho[],all_examples_valid,,true,male,cb_20021128_0346,false,,,false,,,,registered_only,historical_nickname_level_only,no_civil_identity_inference,"This index joins nickname-level evidence only. It does not infer civil identity, residence or private relationships."
fabinhorj20,FabinhoRJ20,all_examples_valid,,true,male,cb_20021128_0347,false,,,false,,,,registered_only,historical_nickname_level_only,no_civil_identity_inference,"This index joins nickname-level evidence only. It does not infer civil identity, residence or private relationships."
fabio_estacio,Fabio_Estacio,all_examples_valid,,true,male,cb_20021128_0348,false,,,false,,,,registered_only,historical_nickname_level_only,no_civil_identity_inference,"This index joins nickname-level evidence only. It does not infer civil identity, residence or private relationships."
fabio_ufba_27,FABIO_UFBA_27,all_examples_valid,,true,male,cb_20021128_0349,false,,,false,,,,registered_only,historical_nickname_level_only,no_civil_identity_inference,"This index joins nickname-level evidence only. It does not infer civil identity, residence or private relationships."
fabvp,fab.vp,no_examples_valid,fab.vp,true,male,cb_20021128_0344,false,,,false,,,,registered_only,historical_nickname_level_only,no_civil_identity_inference,"This index joins nickname-level evidence only. It does not infer civil identity, residence or private relationships."
faca-na-caveira-rj,FACA-NA-CAVEIRA-rj,all_examples_valid,,true,male,cb_20021128_0350,false,,,false,,,,registered_only,historical_nickname_level_only,no_civil_identity_inference,"This index joins nickname-level evidence only. It does not infer civil identity, residence or private relationships."
fada_16,FADA_16,all_examples_valid,,true,female,cb_20021128_1108,false,,,false,,,,registered_only,historical_nickname_level_only,no_civil_identity_inference,"This index joins nickname-level evidence only. It does not infer civil identity, residence or private relationships."
fadinha,FaDiNha,all_examples_valid,,true,female,cb_20021128_1109,false,,,false,,,,registered_only,historical_nickname_level_only,no_civil_identity_inference,"This index joins nickname-level evidence only. It does not infer civil identity, residence or private relationships."
fadinha_rj,FaDiNhA_Rj,all_examples_valid,,true,female,cb_20021128_1110,false,,,false,,,,registered_only,historical_nickname_level_only,no_civil_identity_inference,"This index joins nickname-level evidence only. It does not infer civil identity, residence or private relationships."
faither,Faither,all_examples_valid,,true,male,cb_20021128_0351,false,,,false,,,,registered_only,historical_nickname_level_only,no_civil_identity_inference,"This index joins nickname-level evidence only. It does not infer civil identity, residence or private relationships."
falcomvpm,FalcomVPM,all_examples_valid,,true,male,cb_20021128_0352,false,,,false,,,,registered_only,historical_nickname_level_only,no_civil_identity_inference,"This index joins nickname-level evidence only. It does not infer civil identity, residence or private relationships."
falcon,FALCON,all_examples_valid,,true,male,cb_20021128_0353,false,,,false,,,,registered_only,historical_nickname_level_only,no_civil_identity_inference,"This index joins nickname-level evidence only. It does not infer civil identity, residence or private relationships."
fam,Fam,all_examples_valid,,true,male,cb_20021128_0354,false,,,false,,,,registered_only,historical_nickname_level_only,no_civil_identity_inference,"This index joins nickname-level evidence only. It does not infer civil identity, residence or private relationships."
farp-barra,FaRp-BaRrA,all_examples_valid,,true,male,cb_20021128_0356,false,,,false,,,,registered_only,historical_nickname_level_only,no_civil_identity_inference,"This index joins nickname-level evidence only. It does not infer civil identity, residence or private relationships."
farpado_fjv,FARPADO_FJV,all_examples_valid,,true,male,cb_20021128_0355,false,,,false,,,,registered_only,historical_nickname_level_only,no_civil_identity_inference,"This index joins nickname-level evidence only. It does not infer civil identity, residence or private relationships."
faustinho,faustinho,all_examples_valid,,true,male,cb_20021128_0357,false,,,false,,,,registered_only,historical_nickname_level_only,no_civil_identity_inference,"This index joins nickname-level evidence only. It does not infer civil identity, residence or private relationships."
fef0nha,Fef0nha,all_examples_valid,,true,female,cb_20021128_1111,false,,,false,,,,registered_only,historical_nickname_level_only,no_civil_identity_inference,"This index joins nickname-level evidence only. It does not infer civil identity, residence or private relationships."
feinhuu,Feinhuu,all_examples_valid,,true,male,cb_20021128_0358,false,,,false,,,,registered_only,historical_nickname_level_only,no_civil_identity_inference,"This index joins nickname-level evidence only. It does not infer civil identity, residence or private relationships."
felina_barra,_FELINA_BARRA_,all_examples_valid,,true,female,cb_20021128_0983,false,,,false,,,,registered_only,historical_nickname_level_only,no_civil_identity_inference,"This index joins nickname-level evidence only. It does not infer civil identity, residence or private relationships."
felipe_19,FeLiPe 19,no_examples_valid,FeLiPe 19,true,male,cb_20021128_0359,false,,,false,,,,registered_only,historical_nickname_level_only,no_civil_identity_inference,"This index joins nickname-level evidence only. It does not infer civil identity, residence or private relationships."
felipe_night,Felipe Night,no_examples_valid,Felipe Night,true,male,cb_20021128_0360,false,,,false,,,,registered_only,historical_nickname_level_only,no_civil_identity_inference,"This index joins nickname-level evidence only. It does not infer civil identity, residence or private relationships."
feliz,feliz,all_examples_valid,,true,male,cb_20021128_0361,false,,,false,,,,registered_only,historical_nickname_level_only,no_civil_identity_inference,"This index joins nickname-level evidence only. It does not infer civil identity, residence or private relationships."
felllipe_barra,FELLLIPE_BARRA,all_examples_valid,,true,male,cb_20021128_0362,false,,,false,,,,registered_only,historical_nickname_level_only,no_civil_identity_inference,"This index joins nickname-level evidence only. It does not infer civil identity, residence or private relationships."
fer,Fer,all_examples_valid,,true,female,cb_20021128_1112,false,,,false,,,,registered_only,historical_nickname_level_only,no_civil_identity_inference,"This index joins nickname-level evidence only. It does not infer civil identity, residence or private relationships."
fera-rj,fera-rj,all_examples_valid,,true,male,cb_20021128_0364,false,,,false,,,,registered_only,historical_nickname_level_only,no_civil_identity_inference,"This index joins nickname-level evidence only. It does not infer civil identity, residence or private relationships."
ferabt,FERAbt,all_examples_valid,,true,male,cb_20021128_0363,false,,,false,,,,registered_only,historical_nickname_level_only,no_civil_identity_inference,"This index joins nickname-level evidence only. It does not infer civil identity, residence or private relationships."
fern[dreadlock]barra,feRn[DreadLock]Barra,all_examples_valid,,true,male,cb_20021128_0365,false,,,false,,,,registered_only,historical_nickname_level_only,no_civil_identity_inference,"This index joins nickname-level evidence only. It does not infer civil identity, residence or private relationships."
fernandinha_barra,Fernandinha_Barra,all_examples_valid,,true,female,cb_20021128_1113,false,,,false,,,,registered_only,historical_nickname_level_only,no_civil_identity_inference,"This index joins nickname-level evidence only. It does not infer civil identity, residence or private relationships."
fernando,Fernando,all_examples_valid,,true,male,cb_20021128_0366,false,,,false,,,,registered_only,historical_nickname_level_only,no_civil_identity_inference,"This index joins nickname-level evidence only. It does not infer civil identity, residence or private relationships."
fernando_recreio,Fernando_Recreio,all_examples_valid,,true,male,cb_20021128_0367,false,,,false,,,,registered_only,historical_nickname_level_only,no_civil_identity_inference,"This index joins nickname-level evidence only. It does not infer civil identity, residence or private relationships."
ferrari,Ferrari,all_examples_valid,,true,male,cb_20021128_0368,false,,,false,,,,registered_only,historical_nickname_level_only,no_civil_identity_inference,"This index joins nickname-level evidence only. It does not infer civil identity, residence or private relationships."
filhote,Filhote,all_examples_valid,,true,male,cb_20021128_0369,false,,,false,,,,registered_only,historical_nickname_level_only,no_civil_identity_inference,"This index joins nickname-level evidence only. It does not infer civil identity, residence or private relationships."
filipinho__mjr,filipinho__mjr,all_examples_valid,,true,male,cb_20021128_0370,false,,,false,,,,registered_only,historical_nickname_level_only,no_civil_identity_inference,"This index joins nickname-level evidence only. It does not infer civil identity, residence or private relationships."
filipinho_mjr,filipinho_mjr,all_examples_valid,,true,male,cb_20021128_0371,false,,,false,,,,registered_only,historical_nickname_level_only,no_civil_identity_inference,"This index joins nickname-level evidence only. It does not infer civil identity, residence or private relationships."
fillipe_21_barra,Fillipe_21_Barra,all_examples_valid,,true,male,cb_20021128_0372,false,,,false,,,,registered_only,historical_nickname_level_only,no_civil_identity_inference,"This index joins nickname-level evidence only. It does not infer civil identity, residence or private relationships."
fishbone_rio,fishbone rio,no_examples_valid,fishbone rio,true,male,cb_20021128_0373,false,,,false,,,,registered_only,historical_nickname_level_only,no_civil_identity_inference,"This index joins nickname-level evidence only. It does not infer civil identity, residence or private relationships."
flavinhaeclipse,FlavinhaEclipse,all_examples_valid,,true,female,cb_20021128_1114,false,,,false,,,,registered_only,historical_nickname_level_only,no_civil_identity_inference,"This index joins nickname-level evidence only. It does not infer civil identity, residence or private relationships."
flavio,Flávio,no_examples_valid,Flávio,true,male,cb_20021128_0374,false,,,false,,,,registered_only,historical_nickname_level_only,no_civil_identity_inference,"This index joins nickname-level evidence only. It does not infer civil identity, residence or private relationships."
flavio-tjf,Flavio-TJF,all_examples_valid,,true,male,cb_20021128_0375,false,,,false,,,,registered_only,historical_nickname_level_only,no_civil_identity_inference,"This index joins nickname-level evidence only. It does not infer civil identity, residence or private relationships."
floquinha[de_piercing],Floquinha[de_piercing],all_examples_valid,,true,female,cb_20021128_1115,false,,,false,,,,registered_only,historical_nickname_level_only,no_civil_identity_inference,"This index joins nickname-level evidence only. It does not infer civil identity, residence or private relationships."
fofucha-rj,fofucha-rj,all_examples_valid,,true,female,cb_20021128_1116,false,,,false,,,,registered_only,historical_nickname_level_only,no_civil_identity_inference,"This index joins nickname-level evidence only. It does not infer civil identity, residence or private relationships."
fofuxinho,FoFuXiNho,all_examples_valid,,true,male,cb_20021128_0376,false,,,false,,,,registered_only,historical_nickname_level_only,no_civil_identity_inference,"This index joins nickname-level evidence only. It does not infer civil identity, residence or private relationships."
frajola_barra,Frajola_Barra,all_examples_valid,,true,male,cb_20021128_0377,false,,,false,,,,registered_only,historical_nickname_level_only,no_civil_identity_inference,"This index joins nickname-level evidence only. It does not infer civil identity, residence or private relationships."
freak,*Freak* | FREAK,mixed_examples,*Freak*,true,male,cb_20021128_0029 | cb_20021128_0378,false,,,false,,,,registered_only,historical_nickname_level_only,no_civil_identity_inference,"This index joins nickname-level evidence only. It does not infer civil identity, residence or private relationships."
fred_rio,FRED RIO,no_examples_valid,FRED RIO,true,male,cb_20021128_0379,false,,,false,,,,registered_only,historical_nickname_level_only,no_civil_identity_inference,"This index joins nickname-level evidence only. It does not infer civil identity, residence or private relationships."
fred_rj,Fred_RJ,all_examples_valid,,true,male,cb_20021128_0380,false,,,false,,,,registered_only,historical_nickname_level_only,no_civil_identity_inference,"This index joins nickname-level evidence only. It does not infer civil identity, residence or private relationships."
french_guy,French Guy,no_examples_valid,French Guy,true,male,cb_20021128_0381,false,,,false,,,,registered_only,historical_nickname_level_only,no_civil_identity_inference,"This index joins nickname-level evidence only. It does not infer civil identity, residence or private relationships."
fretless,fretless,all_examples_valid,,true,male,cb_20021128_0382,false,,,false,,,,registered_only,historical_nickname_level_only,no_civil_identity_inference,"This index joins nickname-level evidence only. It does not infer civil identity, residence or private relationships."
fuchs,Fuchs,all_examples_valid,,true,male,cb_20021128_0383,false,,,false,,,,registered_only,historical_nickname_level_only,no_civil_identity_inference,"This index joins nickname-level evidence only. It does not infer civil identity, residence or private relationships."
fugitiva,Fugitiva,all_examples_valid,,true,female,cb_20021128_1117,false,,,false,,,,registered_only,historical_nickname_level_only,no_civil_identity_inference,"This index joins nickname-level evidence only. It does not infer civil identity, residence or private relationships."
fulanitta,Fulanitta,all_examples_valid,,true,female,cb_20021128_1118,false,,,false,,,,registered_only,historical_nickname_level_only,no_civil_identity_inference,"This index joins nickname-level evidence only. It does not infer civil identity, residence or private relationships."
full_contact[mbrp],FULL_CONTACT[MBRP],all_examples_valid,,true,male,cb_20021128_0384,false,,,false,,,,registered_only,historical_nickname_level_only,no_civil_identity_inference,"This index joins nickname-level evidence only. It does not infer civil identity, residence or private relationships."
fullks,Fullks,all_examples_valid,,true,male,cb_20021128_0385,false,,,false,,,,registered_only,historical_nickname_level_only,no_civil_identity_inference,"This index joins nickname-level evidence only. It does not infer civil identity, residence or private relationships."
gabiiii,Gabiiii,all_examples_valid,,true,female,cb_20021128_1119,false,,,false,,,,registered_only,historical_nickname_level_only,no_civil_identity_inference,"This index joins nickname-level evidence only. It does not infer civil identity, residence or private relationships."
gabriel_corpi,gabriel_corpi_,all_examples_valid,,true,male,cb_20021128_0387,false,,,false,,,,registered_only,historical_nickname_level_only,no_civil_identity_inference,"This index joins nickname-level evidence only. It does not infer civil identity, residence or private relationships."
gabriella-,gabriella-,all_examples_valid,,true,female,cb_20021128_1120,false,,,false,,,,registered_only,historical_nickname_level_only,no_civil_identity_inference,"This index joins nickname-level evidence only. It does not infer civil identity, residence or private relationships."
gabyzinha,Gabyzinha,all_examples_valid,,true,female,cb_20021128_1121,false,,,false,,,,registered_only,historical_nickname_level_only,no_civil_identity_inference,"This index joins nickname-level evidence only. It does not infer civil identity, residence or private relationships."
galanteador_playboy,GaLanTeaDoR_PlAyBoY_,all_examples_valid,,true,male,cb_20021128_0388,false,,,false,,,,registered_only,historical_nickname_level_only,no_civil_identity_inference,"This index joins nickname-level evidence only. It does not infer civil identity, residence or private relationships."
gambi,Gambi,all_examples_valid,,true,male,cb_20021128_0389,false,,,false,,,,registered_only,historical_nickname_level_only,no_civil_identity_inference,"This index joins nickname-level evidence only. It does not infer civil identity, residence or private relationships."
gambit,Gambit,all_examples_valid,,true,male,cb_20021128_0390,false,,,false,,,,registered_only,historical_nickname_level_only,no_civil_identity_inference,"This index joins nickname-level evidence only. It does not infer civil identity, residence or private relationships."
gambito,Gambito,all_examples_valid,,true,male,cb_20021128_0391,false,,,false,,,,registered_only,historical_nickname_level_only,no_civil_identity_inference,"This index joins nickname-level evidence only. It does not infer civil identity, residence or private relationships."
gamma_ray_rj,Gamma_Ray_RJ,all_examples_valid,,true,male,cb_20021128_0392,false,,,false,,,,registered_only,historical_nickname_level_only,no_civil_identity_inference,"This index joins nickname-level evidence only. It does not infer civil identity, residence or private relationships."
garfields_do_meier,GARFIELDS DO MÉIER,no_examples_valid,GARFIELDS DO MÉIER,true,male,cb_20021128_0393,false,,,false,,,,registered_only,historical_nickname_level_only,no_civil_identity_inference,"This index joins nickname-level evidence only. It does not infer civil identity, residence or private relationships."
garotao_gostosao21,Garotao_Gostosao21,all_examples_valid,,true,male,cb_20021128_0394,false,,,false,,,,registered_only,historical_nickname_level_only,no_civil_identity_inference,"This index joins nickname-level evidence only. It does not infer civil identity, residence or private relationships."
garoto-do-meier,GaRoTo-Do-MeIeR,all_examples_valid,,true,male,cb_20021128_0395,false,,,false,,,,registered_only,historical_nickname_level_only,no_civil_identity_inference,"This index joins nickname-level evidence only. It does not infer civil identity, residence or private relationships."
garoto-qix,**GaRoTo-QiX**,no_examples_valid,**GaRoTo-QiX**,true,male,cb_20021128_0026,false,,,false,,,,registered_only,historical_nickname_level_only,no_civil_identity_inference,"This index joins nickname-level evidence only. It does not infer civil identity, residence or private relationships."
gasper_barra,GASPER_BARRA,all_examples_valid,,true,male,cb_20021128_0396,false,,,false,,,,registered_only,historical_nickname_level_only,no_civil_identity_inference,"This index joins nickname-level evidence only. It does not infer civil identity, residence or private relationships."
gata-do-amor,Gata-do-Amor,all_examples_valid,,true,female,cb_20021128_1125,false,,,false,,,,registered_only,historical_nickname_level_only,no_civil_identity_inference,"This index joins nickname-level evidence only. It does not infer civil identity, residence or private relationships."
gata-sarada,Gata-Sarada,all_examples_valid,,true,female,cb_20021128_1127,false,,,false,,,,registered_only,historical_nickname_level_only,no_civil_identity_inference,"This index joins nickname-level evidence only. It does not infer civil identity, residence or private relationships."
gata_-_recreio_pst9,Gata - Recreio pst9,no_examples_valid,Gata - Recreio pst9,true,female,cb_20021128_1122,false,,,false,,,,registered_only,historical_nickname_level_only,no_civil_identity_inference,"This index joins nickname-level evidence only. It does not infer civil identity, residence or private relationships."
gata_40_graus,GATA_40_GRAUS,all_examples_valid,,true,female,cb_20021128_1124,false,,,false,,,,registered_only,historical_nickname_level_only,no_civil_identity_inference,"This index joins nickname-level evidence only. It does not infer civil identity, residence or private relationships."
gatacom,Gata.com,no_examples_valid,Gata.com,true,female,cb_20021128_1123,false,,,false,,,,registered_only,historical_nickname_level_only,no_civil_identity_inference,"This index joins nickname-level evidence only. It does not infer civil identity, residence or private relationships."
gataexclusiva,gataexclusiva,all_examples_valid,,true,female,cb_20021128_1126,false,,,false,,,,registered_only,historical_nickname_level_only,no_civil_identity_inference,"This index joins nickname-level evidence only. It does not infer civil identity, residence or private relationships."
gatao-37-rj,GATAO-37-RJ,all_examples_valid,,true,male,cb_20021128_0397,false,,,false,,,,registered_only,historical_nickname_level_only,no_civil_identity_inference,"This index joins nickname-level evidence only. It does not infer civil identity, residence or private relationships."
gatinha,gatinha,all_examples_valid,,true,female,cb_20021128_1128,false,,,false,,,,registered_only,historical_nickname_level_only,no_civil_identity_inference,"This index joins nickname-level evidence only. It does not infer civil identity, residence or private relationships."
gatinha_rj,Gatinha_RJ,all_examples_valid,,true,female,cb_20021128_1129,false,,,false,,,,registered_only,historical_nickname_level_only,no_civil_identity_inference,"This index joins nickname-level evidence only. It does not infer civil identity, residence or private relationships."
gatinhademais,GATINHADEMAIS,all_examples_valid,,true,female,cb_20021128_1130,false,,,false,,,,registered_only,historical_nickname_level_only,no_civil_identity_inference,"This index joins nickname-level evidence only. It does not infer civil identity, residence or private relationships."
gatinho,Gatinho,all_examples_valid,,true,male,cb_20021128_0398,false,,,false,,,,registered_only,historical_nickname_level_only,no_civil_identity_inference,"This index joins nickname-level evidence only. It does not infer civil identity, residence or private relationships."
gatinho--zsul,Gatinho--Zsul,all_examples_valid,,true,male,cb_20021128_0404,false,,,false,,,,registered_only,historical_nickname_level_only,no_civil_identity_inference,"This index joins nickname-level evidence only. It does not infer civil identity, residence or private relationships."
gatinho_da_primeira15,Gatinho_da_Primeira15,all_examples_valid,,true,male,cb_20021128_0400,false,,,false,,,,registered_only,historical_nickname_level_only,no_civil_identity_inference,"This index joins nickname-level evidence only. It does not infer civil identity, residence or private relationships."
gatinho_malhado,GATINHO MALHADO,no_examples_valid,GATINHO MALHADO,true,male,cb_20021128_0399,false,,,false,,,,registered_only,historical_nickname_level_only,no_civil_identity_inference,"This index joins nickname-level evidence only. It does not infer civil identity, residence or private relationships."
gatinho_olhos_verdes,GaTiNhO_oLhOs_vErDeS,all_examples_valid,,true,male,cb_20021128_0401,false,,,false,,,,registered_only,historical_nickname_level_only,no_civil_identity_inference,"This index joins nickname-level evidence only. It does not infer civil identity, residence or private relationships."
gatinho_tijuca,Gatinho_Tijuca,all_examples_valid,,true,male,cb_20021128_0402,false,,,false,,,,registered_only,historical_nickname_level_only,no_civil_identity_inference,"This index joins nickname-level evidence only. It does not infer civil identity, residence or private relationships."
gatinhocarioca,gatinhocarioca,all_examples_valid,,true,male,cb_20021128_0403,false,,,false,,,,registered_only,historical_nickname_level_only,no_civil_identity_inference,"This index joins nickname-level evidence only. It does not infer civil identity, residence or private relationships."
gato-de-elite,Gato-de-elite,all_examples_valid,,true,male,cb_20021128_0420,false,,,false,,,,registered_only,historical_nickname_level_only,no_civil_identity_inference,"This index joins nickname-level evidence only. It does not infer civil identity, residence or private relationships."
gato35_rj,Gato35_RJ,all_examples_valid,,true,male,cb_20021128_0419,false,,,false,,,,registered_only,historical_nickname_level_only,no_civil_identity_inference,"This index joins nickname-level evidence only. It does not infer civil identity, residence or private relationships."
gato_barra,Gato_Barra,all_examples_valid,,true,male,cb_20021128_0408,false,,,false,,,,registered_only,historical_nickname_level_only,no_civil_identity_inference,"This index joins nickname-level evidence only. It does not infer civil identity, residence or private relationships."
gato_da_tijuca,gato_da_tijuca,all_examples_valid,,true,male,cb_20021128_0409 | cb_20021128_0410,false,,,false,,,,registered_only,historical_nickname_level_only,no_civil_identity_inference,"This index joins nickname-level evidence only. It does not infer civil identity, residence or private relationships."
gato_de_classe,Gato_de_classe,all_examples_valid,,true,male,cb_20021128_0411,false,,,false,,,,registered_only,historical_nickname_level_only,no_civil_identity_inference,"This index joins nickname-level evidence only. It does not infer civil identity, residence or private relationships."
gato_demais,GaTo_DeMaIs,all_examples_valid,,true,male,cb_20021128_0412,false,,,false,,,,registered_only,historical_nickname_level_only,no_civil_identity_inference,"This index joins nickname-level evidence only. It does not infer civil identity, residence or private relationships."
gato_desing,Gato_Desing,all_examples_valid,,true,male,cb_20021128_0413,false,,,false,,,,registered_only,historical_nickname_level_only,no_civil_identity_inference,"This index joins nickname-level evidence only. It does not infer civil identity, residence or private relationships."
gato_freguesia,Gato_Freguesia,all_examples_valid,,true,male,cb_20021128_0414,false,,,false,,,,registered_only,historical_nickname_level_only,no_civil_identity_inference,"This index joins nickname-level evidence only. It does not infer civil identity, residence or private relationships."
gato_gostoso,GATO GOSTOSO,no_examples_valid,GATO GOSTOSO,true,male,cb_20021128_0405,false,,,false,,,,registered_only,historical_nickname_level_only,no_civil_identity_inference,"This index joins nickname-level evidence only. It does not infer civil identity, residence or private relationships."
gato_gostoso_rj,Gato_Gostoso_RJ,all_examples_valid,,true,male,cb_20021128_0415,false,,,false,,,,registered_only,historical_nickname_level_only,no_civil_identity_inference,"This index joins nickname-level evidence only. It does not infer civil identity, residence or private relationships."
gato_malhado_26,Gato_Malhado_26,all_examples_valid,,true,male,cb_20021128_0416,false,,,false,,,,registered_only,historical_nickname_level_only,no_civil_identity_inference,"This index joins nickname-level evidence only. It does not infer civil identity, residence or private relationships."
gato_rio_barra,Gato_Rio_Barra,all_examples_valid,,true,male,cb_20021128_0417,false,,,false,,,,registered_only,historical_nickname_level_only,no_civil_identity_inference,"This index joins nickname-level evidence only. It does not infer civil identity, residence or private relationships."
gato_sarado_olhos_ve,Gato_Sarado_Olhos_Ve,all_examples_valid,,true,male,cb_20021128_0418,false,,,false,,,,registered_only,historical_nickname_level_only,no_civil_identity_inference,"This index joins nickname-level evidence only. It does not infer civil identity, residence or private relationships."
gato_sofrido,GATO SOFRIDO,no_examples_valid,GATO SOFRIDO,true,male,cb_20021128_0406,false,,,false,,,,registered_only,historical_nickname_level_only,no_civil_identity_inference,"This index joins nickname-level evidence only. It does not infer civil identity, residence or private relationships."
gato_zsul,gato z.sul,no_examples_valid,gato z.sul,true,male,cb_20021128_0407,false,,,false,,,,registered_only,historical_nickname_level_only,no_civil_identity_inference,"This index joins nickname-level evidence only. It does not infer civil identity, residence or private relationships."
gatodesungao,GatoDeSungao,all_examples_valid,,true,male,cb_20021128_0421,false,,,false,,,,registered_only,historical_nickname_level_only,no_civil_identity_inference,"This index joins nickname-level evidence only. It does not infer civil identity, residence or private relationships."
gatoeletrico-rj,GatoElétrico-RJ,no_examples_valid,GatoElétrico-RJ,true,male,cb_20021128_0422,false,,,false,,,,registered_only,historical_nickname_level_only,no_civil_identity_inference,"This index joins nickname-level evidence only. It does not infer civil identity, residence or private relationships."
gatolokorj,GatoLokoRJ,all_examples_valid,,true,male,cb_20021128_0423,false,,,false,,,,registered_only,historical_nickname_level_only,no_civil_identity_inference,"This index joins nickname-level evidence only. It does not infer civil identity, residence or private relationships."
gatos[p9][ws],Gatos[P9][Ws],all_examples_valid,,true,male,cb_20021128_0425,false,,,false,,,,registered_only,historical_nickname_level_only,no_civil_identity_inference,"This index joins nickname-level evidence only. It does not infer civil identity, residence or private relationships."
gatos_no_telhado,GATOS NO TELHADO,no_examples_valid,GATOS NO TELHADO,true,male,cb_20021128_0424,false,,,false,,,,registered_only,historical_nickname_level_only,no_civil_identity_inference,"This index joins nickname-level evidence only. It does not infer civil identity, residence or private relationships."
gatosa,Gatosa,all_examples_valid,,true,female,cb_20021128_1131,false,,,false,,,,registered_only,historical_nickname_level_only,no_civil_identity_inference,"This index joins nickname-level evidence only. It does not infer civil identity, residence or private relationships."
gatosaradoilha,gatoSaradoIlha,all_examples_valid,,true,male,cb_20021128_0426,false,,,false,,,,registered_only,historical_nickname_level_only,no_civil_identity_inference,"This index joins nickname-level evidence only. It does not infer civil identity, residence or private relationships."
gatouniversitario-rj,GATOUNIVERSITARIO-RJ,all_examples_valid,,true,male,cb_20021128_0427,false,,,false,,,,registered_only,historical_nickname_level_only,no_civil_identity_inference,"This index joins nickname-level evidence only. It does not infer civil identity, residence or private relationships."
gaucho_do_rio,Gaucho_do_Rio,all_examples_valid,,true,male,cb_20021128_0428,false,,,false,,,,registered_only,historical_nickname_level_only,no_civil_identity_inference,"This index joins nickname-level evidence only. It does not infer civil identity, residence or private relationships."
genteboa,genteboa,all_examples_valid,,true,male,cb_20021128_0429,false,,,false,,,,registered_only,historical_nickname_level_only,no_civil_identity_inference,"This index joins nickname-level evidence only. It does not infer civil identity, residence or private relationships."
gis,Gi's,no_examples_valid,Gi's,true,female,cb_20021128_1132,false,,,false,,,,registered_only,historical_nickname_level_only,no_civil_identity_inference,"This index joins nickname-level evidence only. It does not infer civil identity, residence or private relationships."
giu,Giu,all_examples_valid,,true,male,cb_20021128_0430,false,,,false,,,,registered_only,historical_nickname_level_only,no_civil_identity_inference,"This index joins nickname-level evidence only. It does not infer civil identity, residence or private relationships."
glamourosa,glamourosa,all_examples_valid,,true,female,cb_20021128_1133,false,,,false,,,,registered_only,historical_nickname_level_only,no_civil_identity_inference,"This index joins nickname-level evidence only. It does not infer civil identity, residence or private relationships."
glau_barra,GlAu_BaRRa,all_examples_valid,,true,male,cb_20021128_0431,false,,,false,,,,registered_only,historical_nickname_level_only,no_civil_identity_inference,"This index joins nickname-level evidence only. It does not infer civil identity, residence or private relationships."
gog,gog,all_examples_valid,,true,male,cb_20021128_0432,false,,,false,,,,registered_only,historical_nickname_level_only,no_civil_identity_inference,"This index joins nickname-level evidence only. It does not infer civil identity, residence or private relationships."
gohnbarra,#*GOHN.BARRA#*,no_examples_valid,#*GOHN.BARRA#*,true,male,cb_20021128_0024,false,,,false,,,,registered_only,historical_nickname_level_only,no_civil_identity_inference,"This index joins nickname-level evidence only. It does not infer civil identity, residence or private relationships."
gostoxinhu,gOsToXinHu,all_examples_valid,,true,male,cb_20021128_0433,false,,,false,,,,registered_only,historical_nickname_level_only,no_civil_identity_inference,"This index joins nickname-level evidence only. It does not infer civil identity, residence or private relationships."
grab,GRAB,all_examples_valid,,true,male,cb_20021128_0435,false,,,false,,,,registered_only,historical_nickname_level_only,no_civil_identity_inference,"This index joins nickname-level evidence only. It does not infer civil identity, residence or private relationships."
grandekarruna,GrandeKarruna,all_examples_valid,,true,male,cb_20021128_0436,false,,,false,,,,registered_only,historical_nickname_level_only,no_civil_identity_inference,"This index joins nickname-level evidence only. It does not infer civil identity, residence or private relationships."
green_man,Green_Man,all_examples_valid,,true,male,cb_20021128_0437,false,,,false,,,,registered_only,historical_nickname_level_only,no_civil_identity_inference,"This index joins nickname-level evidence only. It does not infer civil identity, residence or private relationships."
green_y2k,Green_Y2K,all_examples_valid,,true,male,cb_20021128_0438,false,,,false,,,,registered_only,historical_nickname_level_only,no_civil_identity_inference,"This index joins nickname-level evidence only. It does not infer civil identity, residence or private relationships."
greeneye27,greeneye27,all_examples_valid,,true,male,cb_20021128_0439,false,,,false,,,,registered_only,historical_nickname_level_only,no_civil_identity_inference,"This index joins nickname-level evidence only. It does not infer civil identity, residence or private relationships."
gr|lo,GR|LO,all_examples_valid,,true,male,cb_20021128_0434,false,,,false,,,,registered_only,historical_nickname_level_only,no_civil_identity_inference,"This index joins nickname-level evidence only. It does not infer civil identity, residence or private relationships."
gs_drinhu_barra,gs. drinhu. barra,no_examples_valid,gs. drinhu. barra,true,male,cb_20021128_0440,false,,,false,,,,registered_only,historical_nickname_level_only,no_civil_identity_inference,"This index joins nickname-level evidence only. It does not infer civil identity, residence or private relationships."
gtinho_online,G@tinho Online,no_examples_valid,G@tinho Online,true,male,cb_20021128_0386,false,,,false,,,,registered_only,historical_nickname_level_only,no_civil_identity_inference,"This index joins nickname-level evidence only. It does not infer civil identity, residence or private relationships."
gu_barra,Gu_Barra,all_examples_valid,,true,male,cb_20021128_0441,false,,,false,,,,registered_only,historical_nickname_level_only,no_civil_identity_inference,"This index joins nickname-level evidence only. It does not infer civil identity, residence or private relationships."
guapo,guapo,all_examples_valid,,true,male,cb_20021128_0442,false,,,false,,,,registered_only,historical_nickname_level_only,no_civil_identity_inference,"This index joins nickname-level evidence only. It does not infer civil identity, residence or private relationships."
guard_angel23h,Guard_Angel23H,all_examples_valid,,true,male,cb_20021128_0443,false,,,false,,,,registered_only,historical_nickname_level_only,no_civil_identity_inference,"This index joins nickname-level evidence only. It does not infer civil identity, residence or private relationships."
guarda-vidas-rj,Guarda-vidas-RJ,all_examples_valid,,true,male,cb_20021128_0445,false,,,false,,,,registered_only,historical_nickname_level_only,no_civil_identity_inference,"This index joins nickname-level evidence only. It does not infer civil identity, residence or private relationships."
guarda-vidas_rj,Guarda-Vidas_RJ,all_examples_valid,,true,male,cb_20021128_0444,false,,,false,,,,registered_only,historical_nickname_level_only,no_civil_identity_inference,"This index joins nickname-level evidence only. It does not infer civil identity, residence or private relationships."
guga,Guga,all_examples_valid,,true,male,cb_20021128_0446,false,,,false,,,,registered_only,historical_nickname_level_only,no_civil_identity_inference,"This index joins nickname-level evidence only. It does not infer civil identity, residence or private relationships."
gugu,gugu,all_examples_valid,,true,male,cb_20021128_0447,false,,,false,,,,registered_only,historical_nickname_level_only,no_civil_identity_inference,"This index joins nickname-level evidence only. It does not infer civil identity, residence or private relationships."
gui-22,Gui-22,all_examples_valid,,true,male,cb_20021128_0451,false,,,false,,,,registered_only,historical_nickname_level_only,no_civil_identity_inference,"This index joins nickname-level evidence only. It does not infer civil identity, residence or private relationships."
gui_modelo_elite,Gui_Modelo_Elite,all_examples_valid,,true,male,cb_20021128_0448,false,,,false,,,,registered_only,historical_nickname_level_only,no_civil_identity_inference,"This index joins nickname-level evidence only. It does not infer civil identity, residence or private relationships."
gui_paquito,Gui_Paquito,all_examples_valid,,true,male,cb_20021128_0449,false,,,false,,,,registered_only,historical_nickname_level_only,no_civil_identity_inference,"This index joins nickname-level evidence only. It does not infer civil identity, residence or private relationships."
gui_zs,gUi_ZS,all_examples_valid,,true,male,cb_20021128_0450,false,,,false,,,,registered_only,historical_nickname_level_only,no_civil_identity_inference,"This index joins nickname-level evidence only. It does not infer civil identity, residence or private relationships."
guigo_rj,Guigo_RJ,all_examples_valid,,true,male,cb_20021128_0452,false,,,false,,,,registered_only,historical_nickname_level_only,no_civil_identity_inference,"This index joins nickname-level evidence only. It does not infer civil identity, residence or private relationships."
guilherme_rj,Guilherme_RJ,all_examples_valid,,true,male,cb_20021128_0453,false,,,false,,,,registered_only,historical_nickname_level_only,no_civil_identity_inference,"This index joins nickname-level evidence only. It does not infer civil identity, residence or private relationships."
guilherminho,Guilherminho,all_examples_valid,,true,male,cb_20021128_0454,false,,,false,,,,registered_only,historical_nickname_level_only,no_civil_identity_inference,"This index joins nickname-level evidence only. It does not infer civil identity, residence or private relationships."
guilhon,Guilhon,all_examples_valid,,true,male,cb_20021128_0455,false,,,false,,,,registered_only,historical_nickname_level_only,no_civil_identity_inference,"This index joins nickname-level evidence only. It does not infer civil identity, residence or private relationships."
guinho-2amba,guinho-2amba,all_examples_valid,,true,male,cb_20021128_0457,false,,,false,,,,registered_only,historical_nickname_level_only,no_civil_identity_inference,"This index joins nickname-level evidence only. It does not infer civil identity, residence or private relationships."
guinho-rj,Guinho-RJ,all_examples_valid,,true,male,cb_20021128_0458,false,,,false,,,,registered_only,historical_nickname_level_only,no_civil_identity_inference,"This index joins nickname-level evidence only. It does not infer civil identity, residence or private relationships."
guinho_2amba,guinho_2amba,all_examples_valid,,true,male,cb_20021128_0456,false,,,false,,,,registered_only,historical_nickname_level_only,no_civil_identity_inference,"This index joins nickname-level evidence only. It does not infer civil identity, residence or private relationships."
gulosarj,GULOSARJ,all_examples_valid,,true,female,cb_20021128_1134,false,,,false,,,,registered_only,historical_nickname_level_only,no_civil_identity_inference,"This index joins nickname-level evidence only. It does not infer civil identity, residence or private relationships."
gustavo,Gustavo,all_examples_valid,,true,male,cb_20021128_0459,false,,,false,,,,registered_only,historical_nickname_level_only,no_civil_identity_inference,"This index joins nickname-level evidence only. It does not infer civil identity, residence or private relationships."
gustavvo,GustaVvo,all_examples_valid,,true,male,cb_20021128_0460,false,,,false,,,,registered_only,historical_nickname_level_only,no_civil_identity_inference,"This index joins nickname-level evidence only. It does not infer civil identity, residence or private relationships."
guto,Guto,all_examples_valid,,true,male,cb_20021128_0461 | cb_20021128_0462,false,,,false,,,,registered_only,historical_nickname_level_only,no_civil_identity_inference,"This index joins nickname-level evidence only. It does not infer civil identity, residence or private relationships."
gutoo,gutoo,all_examples_valid,,true,male,cb_20021128_0463,false,,,false,,,,registered_only,historical_nickname_level_only,no_civil_identity_inference,"This index joins nickname-level evidence only. It does not infer civil identity, residence or private relationships."
guy,Guy,all_examples_valid,,true,male,cb_20021128_0464,false,,,false,,,,registered_only,historical_nickname_level_only,no_civil_identity_inference,"This index joins nickname-level evidence only. It does not infer civil identity, residence or private relationships."
h_barra,H_Barra,all_examples_valid,,true,male,cb_20021128_0465,false,,,false,,,,registered_only,historical_nickname_level_only,no_civil_identity_inference,"This index joins nickname-level evidence only. It does not infer civil identity, residence or private relationships."
h_rj_26,H_RJ_26,all_examples_valid,,true,male,cb_20021128_0466,false,,,false,,,,registered_only,historical_nickname_level_only,no_civil_identity_inference,"This index joins nickname-level evidence only. It does not infer civil identity, residence or private relationships."
hackercdc,HACKERCDC,all_examples_valid,,true,male,cb_20021128_0467,false,,,false,,,,registered_only,historical_nickname_level_only,no_civil_identity_inference,"This index joins nickname-level evidence only. It does not infer civil identity, residence or private relationships."
hackerx,HaCkErX,all_examples_valid,,true,male,cb_20021128_0468,false,,,false,,,,registered_only,historical_nickname_level_only,no_civil_identity_inference,"This index joins nickname-level evidence only. It does not infer civil identity, residence or private relationships."
hawaiian-lp6,Hawaiian-Lp6,all_examples_valid,,true,male,cb_20021128_0469,false,,,false,,,,registered_only,historical_nickname_level_only,no_civil_identity_inference,"This index joins nickname-level evidence only. It does not infer civil identity, residence or private relationships."
hawkman,HawKMaN,all_examples_valid,,true,male,cb_20021128_0470,false,,,false,,,,registered_only,historical_nickname_level_only,no_civil_identity_inference,"This index joins nickname-level evidence only. It does not infer civil identity, residence or private relationships."
helio`,helio`,all_examples_valid,,true,male,cb_20021128_0471,false,,,false,,,,registered_only,historical_nickname_level_only,no_civil_identity_inference,"This index joins nickname-level evidence only. It does not infer civil identity, residence or private relationships."
hiola,hiola,all_examples_valid,,true,female,cb_20021128_1135,false,,,false,,,,registered_only,historical_nickname_level_only,no_civil_identity_inference,"This index joins nickname-level evidence only. It does not infer civil identity, residence or private relationships."
homem_kueca,Homem_Kueca,all_examples_valid,,true,male,cb_20021128_0472,false,,,false,,,,registered_only,historical_nickname_level_only,no_civil_identity_inference,"This index joins nickname-level evidence only. It does not infer civil identity, residence or private relationships."
honeyzinha,Honeyzinha_,all_examples_valid,,true,female,cb_20021128_1136,false,,,false,,,,registered_only,historical_nickname_level_only,no_civil_identity_inference,"This index joins nickname-level evidence only. It does not infer civil identity, residence or private relationships."
hugo_jpa,Hugo_jpa,all_examples_valid,,true,male,cb_20021128_0473,false,,,false,,,,registered_only,historical_nickname_level_only,no_civil_identity_inference,"This index joins nickname-level evidence only. It does not infer civil identity, residence or private relationships."
hulk_rj,Hulk_rj,all_examples_valid,,true,male,cb_20021128_0474,false,,,false,,,,registered_only,historical_nickname_level_only,no_civil_identity_inference,"This index joins nickname-level evidence only. It does not infer civil identity, residence or private relationships."
hummm,hummm,all_examples_valid,,true,male,cb_20021128_0475,false,,,false,,,,registered_only,historical_nickname_level_only,no_civil_identity_inference,"This index joins nickname-level evidence only. It does not infer civil identity, residence or private relationships."
hunter_-_sc,hunter - sc,no_examples_valid,hunter - sc,true,male,cb_20021128_0476,false,,,false,,,,registered_only,historical_nickname_level_only,no_civil_identity_inference,"This index joins nickname-level evidence only. It does not infer civil identity, residence or private relationships."
hurricane-brutus,Hurricane-Brutus,all_examples_valid,,true,male,cb_20021128_0477,false,,,false,,,,registered_only,historical_nickname_level_only,no_civil_identity_inference,"This index joins nickname-level evidence only. It does not infer civil identity, residence or private relationships."
husky_siberianus,HuSkY_sIbErIaNuS,all_examples_valid,,true,male,cb_20021128_0478,false,,,false,,,,registered_only,historical_nickname_level_only,no_civil_identity_inference,"This index joins nickname-level evidence only. It does not infer civil identity, residence or private relationships."
hustler-jpa,HUSTLER-JPA,all_examples_valid,,true,male,cb_20021128_0479,false,,,false,,,,registered_only,historical_nickname_level_only,no_civil_identity_inference,"This index joins nickname-level evidence only. It does not infer civil identity, residence or private relationships."
ibson_junior,Ibson_JUNIOR,all_examples_valid,,true,male,cb_20021128_0019,false,,,false,,,,registered_only,historical_nickname_level_only,no_civil_identity_inference,"This index joins nickname-level evidence only. It does not infer civil identity, residence or private relationships."
icegirl-rj,ICEGIRL-RJ,all_examples_valid,,true,female,cb_20021128_1137,false,,,false,,,,registered_only,historical_nickname_level_only,no_civil_identity_inference,"This index joins nickname-level evidence only. It does not infer civil identity, residence or private relationships."
icesoul,icesoul,all_examples_valid,,true,male,cb_20021128_0480,false,,,false,,,,registered_only,historical_nickname_level_only,no_civil_identity_inference,"This index joins nickname-level evidence only. It does not infer civil identity, residence or private relationships."
icub4ucme,ICUB4UCMe,all_examples_valid,,true,male,cb_20021128_0481,false,,,false,,,,registered_only,historical_nickname_level_only,no_civil_identity_inference,"This index joins nickname-level evidence only. It does not infer civil identity, residence or private relationships."
ig,«¥Ig®¥»,no_examples_valid,«¥Ig®¥»,true,male,cb_20021128_0078,false,,,false,,,,registered_only,historical_nickname_level_only,no_civil_identity_inference,"This index joins nickname-level evidence only. It does not infer civil identity, residence or private relationships."
igo,Igo®,no_examples_valid,Igo®,true,male,cb_20021128_0482,false,,,false,,,,registered_only,historical_nickname_level_only,no_civil_identity_inference,"This index joins nickname-level evidence only. It does not infer civil identity, residence or private relationships."
igor-negrao-[nofaith],Igor-Negrao-[NoFaith],all_examples_valid,,true,male,cb_20021128_0485,false,,,false,,,,registered_only,historical_nickname_level_only,no_civil_identity_inference,"This index joins nickname-level evidence only. It does not infer civil identity, residence or private relationships."
igor_saradinho,Igor_SARADINHO,all_examples_valid,,true,male,cb_20021128_0483,false,,,false,,,,registered_only,historical_nickname_level_only,no_civil_identity_inference,"This index joins nickname-level evidence only. It does not infer civil identity, residence or private relationships."
igor_tricolor_21,Igor_Tricolor_21,all_examples_valid,,true,male,cb_20021128_0484,false,,,false,,,,registered_only,historical_nickname_level_only,no_civil_identity_inference,"This index joins nickname-level evidence only. It does not infer civil identity, residence or private relationships."
ilana-recreio,Ilana-Recreio,all_examples_valid,,true,female,cb_20021128_1138,false,,,false,,,,registered_only,historical_nickname_level_only,no_civil_identity_inference,"This index joins nickname-level evidence only. It does not infer civil identity, residence or private relationships."
inco9nito,inco9nito,all_examples_valid,,true,male,cb_20021128_0486,false,,,false,,,,registered_only,historical_nickname_level_only,no_civil_identity_inference,"This index joins nickname-level evidence only. It does not infer civil identity, residence or private relationships."
indio_hunter_boy,Indio_Hunter_Boy,all_examples_valid,,true,male,cb_20021128_0487,false,,,false,,,,registered_only,historical_nickname_level_only,no_civil_identity_inference,"This index joins nickname-level evidence only. It does not infer civil identity, residence or private relationships."
indio_incrivel_hulk,Indio_InCrIvEl_HuLk,all_examples_valid,,true,male,cb_20021128_0488,false,,,false,,,,registered_only,historical_nickname_level_only,no_civil_identity_inference,"This index joins nickname-level evidence only. It does not infer civil identity, residence or private relationships."
insane_membrane,InSaNe_MeMbRaNe,all_examples_valid,,true,male,cb_20021128_0489,false,,,false,,,,registered_only,historical_nickname_level_only,no_civil_identity_inference,"This index joins nickname-level evidence only. It does not infer civil identity, residence or private relationships."
interessante,_interessante_,all_examples_valid,,true,male,cb_20021128_0055,false,,,false,,,,registered_only,historical_nickname_level_only,no_civil_identity_inference,"This index joins nickname-level evidence only. It does not infer civil identity, residence or private relationships."
invas0rx,InVaS0Rx,all_examples_valid,,true,male,cb_20021128_0490,false,,,false,,,,registered_only,historical_nickname_level_only,no_civil_identity_inference,"This index joins nickname-level evidence only. It does not infer civil identity, residence or private relationships."
isabela_leblon,Isabela_Leblon,all_examples_valid,,true,female,cb_20021128_1139,false,,,false,,,,registered_only,historical_nickname_level_only,no_civil_identity_inference,"This index joins nickname-level evidence only. It does not infer civil identity, residence or private relationships."
issey_miyake22,Issey_Miyake22,all_examples_valid,,true,male,cb_20021128_0491,false,,,false,,,,registered_only,historical_nickname_level_only,no_civil_identity_inference,"This index joins nickname-level evidence only. It does not infer civil identity, residence or private relationships."
itaest,itaest,all_examples_valid,,true,male,cb_20021128_0492,false,,,false,,,,registered_only,historical_nickname_level_only,no_civil_identity_inference,"This index joins nickname-level evidence only. It does not infer civil identity, residence or private relationships."
italiano-lancha,ITALIANO-LANCHA,all_examples_valid,,true,male,cb_20021128_0493,false,,,false,,,,registered_only,historical_nickname_level_only,no_civil_identity_inference,"This index joins nickname-level evidence only. It does not infer civil identity, residence or private relationships."
italloleal,italloleal,all_examples_valid,,true,male,cb_20021128_0494,false,,,false,,,,registered_only,historical_nickname_level_only,no_civil_identity_inference,"This index joins nickname-level evidence only. It does not infer civil identity, residence or private relationships."
ivanista,Ivanista,all_examples_valid,,true,male,cb_20021128_0495,false,,,false,,,,registered_only,historical_nickname_level_only,no_civil_identity_inference,"This index joins nickname-level evidence only. It does not infer civil identity, residence or private relationships."
izlu-barra,iZLu-Barra,all_examples_valid,,true,male,cb_20021128_0496,false,,,false,,,,registered_only,historical_nickname_level_only,no_civil_identity_inference,"This index joins nickname-level evidence only. It does not infer civil identity, residence or private relationships."
j0x,J0X,all_examples_valid,,true,male,cb_20021128_0497,false,,,false,,,,registered_only,historical_nickname_level_only,no_civil_identity_inference,"This index joins nickname-level evidence only. It does not infer civil identity, residence or private relationships."
ja_rulez,Ja_Rulez,all_examples_valid,,true,male,cb_20021128_0498,false,,,false,,,,registered_only,historical_nickname_level_only,no_civil_identity_inference,"This index joins nickname-level evidence only. It does not infer civil identity, residence or private relationships."
jack,jack,all_examples_valid,,true,female,cb_20021128_1140,false,,,false,,,,registered_only,historical_nickname_level_only,no_civil_identity_inference,"This index joins nickname-level evidence only. It does not infer civil identity, residence or private relationships."
jack_montana,Jack_Montana,all_examples_valid,,true,male,cb_20021128_0499,false,,,false,,,,registered_only,historical_nickname_level_only,no_civil_identity_inference,"This index joins nickname-level evidence only. It does not infer civil identity, residence or private relationships."
jaison__dm,Jaison__DM,all_examples_valid,,true,male,cb_20021128_0500 | cb_20021128_0501,false,,,false,,,,registered_only,historical_nickname_level_only,no_civil_identity_inference,"This index joins nickname-level evidence only. It does not infer civil identity, residence or private relationships."
jamiroquai,JaMiRoqUai,all_examples_valid,,true,male,cb_20021128_0502,false,,,false,,,,registered_only,historical_nickname_level_only,no_civil_identity_inference,"This index joins nickname-level evidence only. It does not infer civil identity, residence or private relationships."
jannie,Jannie,all_examples_valid,,true,female,cb_20021128_1141,false,,,false,,,,registered_only,historical_nickname_level_only,no_civil_identity_inference,"This index joins nickname-level evidence only. It does not infer civil identity, residence or private relationships."
jc_tattoo_recreio,JC_Tattoo_Recreio,all_examples_valid,,true,male,cb_20021128_0503,false,,,false,,,,registered_only,historical_nickname_level_only,no_civil_identity_inference,"This index joins nickname-level evidence only. It does not infer civil identity, residence or private relationships."
jeuleao,jeuleao,all_examples_valid,,true,male,cb_20021128_0504,false,,,false,,,,registered_only,historical_nickname_level_only,no_civil_identity_inference,"This index joins nickname-level evidence only. It does not infer civil identity, residence or private relationships."
jhonny-rj,JhOnNy-Rj,all_examples_valid,,true,male,cb_20021128_0506,false,,,false,,,,registered_only,historical_nickname_level_only,no_civil_identity_inference,"This index joins nickname-level evidence only. It does not infer civil identity, residence or private relationships."
jhonny_ilha,jhonny_ilha,all_examples_valid,,true,male,cb_20021128_0505,false,,,false,,,,registered_only,historical_nickname_level_only,no_civil_identity_inference,"This index joins nickname-level evidence only. It does not infer civil identity, residence or private relationships."
jimmorrisom,JimMorrisom,all_examples_valid,,true,male,cb_20021128_0507,false,,,false,,,,registered_only,historical_nickname_level_only,no_civil_identity_inference,"This index joins nickname-level evidence only. It does not infer civil identity, residence or private relationships."
jipeiro_barra_22,Jipeiro_Barra_22,all_examples_valid,,true,male,cb_20021128_0508,false,,,false,,,,registered_only,historical_nickname_level_only,no_civil_identity_inference,"This index joins nickname-level evidence only. It does not infer civil identity, residence or private relationships."
jiujitsu_rj,JIUJITSU_RJ,all_examples_valid,,true,male,cb_20021128_0509,false,,,false,,,,registered_only,historical_nickname_level_only,no_civil_identity_inference,"This index joins nickname-level evidence only. It does not infer civil identity, residence or private relationships."
joaninha-acaioka,Joaninha-açaioka,no_examples_valid,Joaninha-açaioka,true,female,cb_20021128_1142,false,,,false,,,,registered_only,historical_nickname_level_only,no_civil_identity_inference,"This index joins nickname-level evidence only. It does not infer civil identity, residence or private relationships."
joaninha-barra,_Joaninha-Barra_,all_examples_valid,,true,female,cb_20021128_0984,false,,,false,,,,registered_only,historical_nickname_level_only,no_civil_identity_inference,"This index joins nickname-level evidence only. It does not infer civil identity, residence or private relationships."
joao[7fam],JOAO[7FAM],all_examples_valid,,true,male,cb_20021128_0510,false,,,false,,,,registered_only,historical_nickname_level_only,no_civil_identity_inference,"This index joins nickname-level evidence only. It does not infer civil identity, residence or private relationships."
joaofernando,jOaOfErNaNdO,all_examples_valid,,true,male,cb_20021128_0511,false,,,false,,,,registered_only,historical_nickname_level_only,no_civil_identity_inference,"This index joins nickname-level evidence only. It does not infer civil identity, residence or private relationships."
john_lennon_rj,JoHn_LeNnON_RJ,all_examples_valid,,true,male,cb_20021128_0513,false,,,false,,,,registered_only,historical_nickname_level_only,no_civil_identity_inference,"This index joins nickname-level evidence only. It does not infer civil identity, residence or private relationships."
john_lenon,John lenon,no_examples_valid,John lenon,true,male,cb_20021128_0512,false,,,false,,,,registered_only,historical_nickname_level_only,no_civil_identity_inference,"This index joins nickname-level evidence only. It does not infer civil identity, residence or private relationships."
johnnie_walker,Johnnie_Walker,all_examples_valid,,true,male,cb_20021128_0514,false,,,false,,,,registered_only,historical_nickname_level_only,no_civil_identity_inference,"This index joins nickname-level evidence only. It does not infer civil identity, residence or private relationships."
johnny-bravo_barra,JoHnNy-BrAvO_BaRrA,all_examples_valid,,true,male,cb_20021128_0515,false,,,false,,,,registered_only,historical_nickname_level_only,no_civil_identity_inference,"This index joins nickname-level evidence only. It does not infer civil identity, residence or private relationships."
johny_doll,Johny Doll,no_examples_valid,Johny Doll,true,male,cb_20021128_0516,false,,,false,,,,registered_only,historical_nickname_level_only,no_civil_identity_inference,"This index joins nickname-level evidence only. It does not infer civil identity, residence or private relationships."
jonny_h22,jonny_H22,all_examples_valid,,true,male,cb_20021128_0517,false,,,false,,,,registered_only,historical_nickname_level_only,no_civil_identity_inference,"This index joins nickname-level evidence only. It does not infer civil identity, residence or private relationships."
jonnybravojb,Jonnybravojb,all_examples_valid,,true,male,cb_20021128_0518,false,,,false,,,,registered_only,historical_nickname_level_only,no_civil_identity_inference,"This index joins nickname-level evidence only. It does not infer civil identity, residence or private relationships."
jony,JONY,all_examples_valid,,true,male,cb_20021128_0519,false,,,false,,,,registered_only,historical_nickname_level_only,no_civil_identity_inference,"This index joins nickname-level evidence only. It does not infer civil identity, residence or private relationships."
jonybravo,jonybravo,all_examples_valid,,true,male,cb_20021128_0520,false,,,false,,,,registered_only,historical_nickname_level_only,no_civil_identity_inference,"This index joins nickname-level evidence only. It does not infer civil identity, residence or private relationships."
jorginho_rj,Jorginho_RJ,all_examples_valid,,true,male,cb_20021128_0521,false,,,false,,,,registered_only,historical_nickname_level_only,no_civil_identity_inference,"This index joins nickname-level evidence only. It does not infer civil identity, residence or private relationships."
joseolegario,joseolegario,all_examples_valid,,true,male,cb_20021128_0522,false,,,false,,,,registered_only,historical_nickname_level_only,no_civil_identity_inference,"This index joins nickname-level evidence only. It does not infer civil identity, residence or private relationships."
jota-jota_[bs],«JoTa-jOtA_[BS],no_examples_valid,«JoTa-jOtA_[BS],true,male,cb_20021128_0079,false,,,false,,,,registered_only,historical_nickname_level_only,no_civil_identity_inference,"This index joins nickname-level evidence only. It does not infer civil identity, residence or private relationships."
jox,Jox,all_examples_valid,,true,male,cb_20021128_0523,false,,,false,,,,registered_only,historical_nickname_level_only,no_civil_identity_inference,"This index joins nickname-level evidence only. It does not infer civil identity, residence or private relationships."
jp,JP,all_examples_valid,,true,male,cb_20021128_0524,false,,,false,,,,registered_only,historical_nickname_level_only,no_civil_identity_inference,"This index joins nickname-level evidence only. It does not infer civil identity, residence or private relationships."
jr-barra,JR-BARRA,all_examples_valid,,true,male,cb_20021128_0527,false,,,false,,,,registered_only,historical_nickname_level_only,no_civil_identity_inference,"This index joins nickname-level evidence only. It does not infer civil identity, residence or private relationships."
jr19-barra,JR19-BaRrA,all_examples_valid,,true,male,cb_20021128_0526,false,,,false,,,,registered_only,historical_nickname_level_only,no_civil_identity_inference,"This index joins nickname-level evidence only. It does not infer civil identity, residence or private relationships."
jr_surf,JR_SuRF,all_examples_valid,,true,male,cb_20021128_0525,false,,,false,,,,registered_only,historical_nickname_level_only,no_civil_identity_inference,"This index joins nickname-level evidence only. It does not infer civil identity, residence or private relationships."
ju,Ju,all_examples_valid,,true,female,cb_20021128_1143,false,,,false,,,,registered_only,historical_nickname_level_only,no_civil_identity_inference,"This index joins nickname-level evidence only. It does not infer civil identity, residence or private relationships."
juice,Juice,all_examples_valid,,true,female,cb_20021128_1144,false,,,false,,,,registered_only,historical_nickname_level_only,no_civil_identity_inference,"This index joins nickname-level evidence only. It does not infer civil identity, residence or private relationships."
jujubinha_18,jujubinha_18,all_examples_valid,,true,female,cb_20021128_1145,false,,,false,,,,registered_only,historical_nickname_level_only,no_civil_identity_inference,"This index joins nickname-level evidence only. It does not infer civil identity, residence or private relationships."
jujubix,JuJuBiX,all_examples_valid,,true,female,cb_20021128_1146,false,,,false,,,,registered_only,historical_nickname_level_only,no_civil_identity_inference,"This index joins nickname-level evidence only. It does not infer civil identity, residence or private relationships."
jujuli,**JuJuLi**,no_examples_valid,**JuJuLi**,true,female,cb_20021128_0967,false,,,false,,,,registered_only,historical_nickname_level_only,no_civil_identity_inference,"This index joins nickname-level evidence only. It does not infer civil identity, residence or private relationships."
juli_barra,Juli_barra,all_examples_valid,,true,female,cb_20021128_1147,false,,,false,,,,registered_only,historical_nickname_level_only,no_civil_identity_inference,"This index joins nickname-level evidence only. It does not infer civil identity, residence or private relationships."
juliana,Juliana,all_examples_valid,,true,female,cb_20021128_1148,false,,,false,,,,registered_only,historical_nickname_level_only,no_civil_identity_inference,"This index joins nickname-level evidence only. It does not infer civil identity, residence or private relationships."
julie_rj,JULIE_RJ,all_examples_valid,,true,female,cb_20021128_1149,false,,,false,,,,registered_only,historical_nickname_level_only,no_civil_identity_inference,"This index joins nickname-level evidence only. It does not infer civil identity, residence or private relationships."
julinho,JULINHO,all_examples_valid,,true,male,cb_20021128_0528,false,,,false,,,,registered_only,historical_nickname_level_only,no_civil_identity_inference,"This index joins nickname-level evidence only. It does not infer civil identity, residence or private relationships."
july_copa,July_Copa,all_examples_valid,,true,female,cb_20021128_1150,false,,,false,,,,registered_only,historical_nickname_level_only,no_civil_identity_inference,"This index joins nickname-level evidence only. It does not infer civil identity, residence or private relationships."
julylindona,Julylindona,all_examples_valid,,true,female,cb_20021128_1151,false,,,false,,,,registered_only,historical_nickname_level_only,no_civil_identity_inference,"This index joins nickname-level evidence only. It does not infer civil identity, residence or private relationships."
juninho,Juninho,all_examples_valid,,true,male,cb_20021128_0529,false,,,false,,,,registered_only,historical_nickname_level_only,no_civil_identity_inference,"This index joins nickname-level evidence only. It does not infer civil identity, residence or private relationships."
juninho-20,Juninho-20,all_examples_valid,,true,male,cb_20021128_0531,false,,,false,,,,registered_only,historical_nickname_level_only,no_civil_identity_inference,"This index joins nickname-level evidence only. It does not infer civil identity, residence or private relationships."
juninho_uc,Juninho_UC,all_examples_valid,,true,male,cb_20021128_0530,false,,,false,,,,registered_only,historical_nickname_level_only,no_civil_identity_inference,"This index joins nickname-level evidence only. It does not infer civil identity, residence or private relationships."
junior_be,Junior_Be,all_examples_valid,,true,male,cb_20021128_0532,false,,,false,,,,registered_only,historical_nickname_level_only,no_civil_identity_inference,"This index joins nickname-level evidence only. It does not infer civil identity, residence or private relationships."
junior_jpa,Junior_JPA,all_examples_valid,,true,male,cb_20021128_0533,false,,,false,,,,registered_only,historical_nickname_level_only,no_civil_identity_inference,"This index joins nickname-level evidence only. It does not infer civil identity, residence or private relationships."
justin22,Justin22,all_examples_valid,,true,male,cb_20021128_0534,false,,,false,,,,registered_only,historical_nickname_level_only,no_civil_identity_inference,"This index joins nickname-level evidence only. It does not infer civil identity, residence or private relationships."
jxylopes,jxylopes,all_examples_valid,,true,male,cb_20021128_0535,false,,,false,,,,registered_only,historical_nickname_level_only,no_civil_identity_inference,"This index joins nickname-level evidence only. It does not infer civil identity, residence or private relationships."
kabuloso_barra,kAbUlOsO_Barra,all_examples_valid,,true,male,cb_20021128_0536,false,,,false,,,,registered_only,historical_nickname_level_only,no_civil_identity_inference,"This index joins nickname-level evidence only. It does not infer civil identity, residence or private relationships."
kalyko,kalyko,all_examples_valid,,true,male,cb_20021128_0537,false,,,false,,,,registered_only,historical_nickname_level_only,no_civil_identity_inference,"This index joins nickname-level evidence only. It does not infer civil identity, residence or private relationships."
kan_mt,KaN_MT,all_examples_valid,,true,male,cb_20021128_0538,false,,,false,,,,registered_only,historical_nickname_level_only,no_civil_identity_inference,"This index joins nickname-level evidence only. It does not infer civil identity, residence or private relationships."
kanalhaz_corrporation,kANALHAZ_corrporation,all_examples_valid,,true,male,cb_20021128_0539,false,,,false,,,,registered_only,historical_nickname_level_only,no_civil_identity_inference,"This index joins nickname-level evidence only. It does not infer civil identity, residence or private relationships."
kanela,Kanela,all_examples_valid,,true,female,cb_20021128_1152,false,,,false,,,,registered_only,historical_nickname_level_only,no_civil_identity_inference,"This index joins nickname-level evidence only. It does not infer civil identity, residence or private relationships."
karioka_jiujiteiro,KaRiOkA_JiuJiTeiRo,all_examples_valid,,true,male,cb_20021128_0540,false,,,false,,,,registered_only,historical_nickname_level_only,no_civil_identity_inference,"This index joins nickname-level evidence only. It does not infer civil identity, residence or private relationships."
kariokinha_mo_file,KaRioKiNHa_Mo_FiLé,no_examples_valid,KaRioKiNHa_Mo_FiLé,true,female,cb_20021128_1153,false,,,false,,,,registered_only,historical_nickname_level_only,no_civil_identity_inference,"This index joins nickname-level evidence only. It does not infer civil identity, residence or private relationships."
kastortroy,kastortroy,all_examples_valid,,true,male,cb_20021128_0541,false,,,false,,,,registered_only,historical_nickname_level_only,no_civil_identity_inference,"This index joins nickname-level evidence only. It does not infer civil identity, residence or private relationships."
kathryn-copa,kathryn-copa,all_examples_valid,,true,female,cb_20021128_1154,false,,,false,,,,registered_only,historical_nickname_level_only,no_civil_identity_inference,"This index joins nickname-level evidence only. It does not infer civil identity, residence or private relationships."
kathy_rj,Kathy_RJ,all_examples_valid,,true,female,cb_20021128_1155,false,,,false,,,,registered_only,historical_nickname_level_only,no_civil_identity_inference,"This index joins nickname-level evidence only. It does not infer civil identity, residence or private relationships."
katinha_rj_ou_katty,katinha_rj ou Katty,no_examples_valid,katinha_rj ou Katty,true,female,cb_20021128_1156,false,,,false,,,,registered_only,historical_nickname_level_only,no_civil_identity_inference,"This index joins nickname-level evidence only. It does not infer civil identity, residence or private relationships."
kcristina,kcristina,all_examples_valid,,true,female,cb_20021128_1157,false,,,false,,,,registered_only,historical_nickname_level_only,no_civil_identity_inference,"This index joins nickname-level evidence only. It does not infer civil identity, residence or private relationships."
kedsju,kedsju,all_examples_valid,,true,female,cb_20021128_1158,false,,,false,,,,registered_only,historical_nickname_level_only,no_civil_identity_inference,"This index joins nickname-level evidence only. It does not infer civil identity, residence or private relationships."
kessy[mrb],Kessy[MRB],all_examples_valid,,true,female,cb_20021128_1159,false,,,false,,,,registered_only,historical_nickname_level_only,no_civil_identity_inference,"This index joins nickname-level evidence only. It does not infer civil identity, residence or private relationships."
ket_bsc[gdp_ap],KeT_BSC[GDP_AP],all_examples_valid,,true,male,cb_20021128_0542,false,,,false,,,,registered_only,historical_nickname_level_only,no_civil_identity_inference,"This index joins nickname-level evidence only. It does not infer civil identity, residence or private relationships."
ket_pl0c_neo_hippie,KeT_pL0c_NeO_hIpPiE,all_examples_valid,,true,male,cb_20021128_0543,false,,,false,,,,registered_only,historical_nickname_level_only,no_civil_identity_inference,"This index joins nickname-level evidence only. It does not infer civil identity, residence or private relationships."
kibonus,Kibonus,all_examples_valid,,true,male,cb_20021128_0544,false,,,false,,,,registered_only,historical_nickname_level_only,no_civil_identity_inference,"This index joins nickname-level evidence only. It does not infer civil identity, residence or private relationships."
kika,kika,all_examples_valid,,true,female,cb_20021128_1160,false,,,false,,,,registered_only,historical_nickname_level_only,no_civil_identity_inference,"This index joins nickname-level evidence only. It does not infer civil identity, residence or private relationships."
kiko,Kiko,all_examples_valid,,true,male,cb_20021128_0545,false,,,false,,,,registered_only,historical_nickname_level_only,no_civil_identity_inference,"This index joins nickname-level evidence only. It does not infer civil identity, residence or private relationships."
king_of_the_black_kokada,KiNg_oF_tHe_BlAcK_KoKaDa,all_examples_valid,,true,male,cb_20021128_0546,false,,,false,,,,registered_only,historical_nickname_level_only,no_civil_identity_inference,"This index joins nickname-level evidence only. It does not infer civil identity, residence or private relationships."
krika_locutora,Krika_Locutora,all_examples_valid,,true,female,cb_20021128_1161,false,,,false,,,,registered_only,historical_nickname_level_only,no_civil_identity_inference,"This index joins nickname-level evidence only. It does not infer civil identity, residence or private relationships."
krisriobi,Kris.Rio/Bi,no_examples_valid,Kris.Rio/Bi,true,female,cb_20021128_1162,false,,,false,,,,registered_only,historical_nickname_level_only,no_civil_identity_inference,"This index joins nickname-level evidence only. It does not infer civil identity, residence or private relationships."
krol_vfs,Krol_vfs,all_examples_valid,,true,female,cb_20021128_1163,false,,,false,,,,registered_only,historical_nickname_level_only,no_civil_identity_inference,"This index joins nickname-level evidence only. It does not infer civil identity, residence or private relationships."
ksharp,Ksharp,all_examples_valid,,true,male,cb_20021128_0547,false,,,false,,,,registered_only,historical_nickname_level_only,no_civil_identity_inference,"This index joins nickname-level evidence only. It does not infer civil identity, residence or private relationships."
kuat_rj,KUAT_RJ,all_examples_valid,,true,male,cb_20021128_0548,false,,,false,,,,registered_only,historical_nickname_level_only,no_civil_identity_inference,"This index joins nickname-level evidence only. It does not infer civil identity, residence or private relationships."
kurt_jpa,Kurt_jpa,all_examples_valid,,true,male,cb_20021128_0549,false,,,false,,,,registered_only,historical_nickname_level_only,no_civil_identity_inference,"This index joins nickname-level evidence only. It does not infer civil identity, residence or private relationships."
kurty`bedegueba,Kurty`Bedegueba,all_examples_valid,,true,male,cb_20021128_0550,false,,,false,,,,registered_only,historical_nickname_level_only,no_civil_identity_inference,"This index joins nickname-level evidence only. It does not infer civil identity, residence or private relationships."
laddyrj,LaddyRJ,all_examples_valid,,true,female,cb_20021128_1164,false,,,false,,,,registered_only,historical_nickname_level_only,no_civil_identity_inference,"This index joins nickname-level evidence only. It does not infer civil identity, residence or private relationships."
ladie_recreio,Ladie_ReCrEiO,all_examples_valid,,true,female,cb_20021128_1165,false,,,false,,,,registered_only,historical_nickname_level_only,no_civil_identity_inference,"This index joins nickname-level evidence only. It does not infer civil identity, residence or private relationships."
lalica,Lalica,all_examples_valid,,true,female,cb_20021128_1166,false,,,false,,,,registered_only,historical_nickname_level_only,no_civil_identity_inference,"This index joins nickname-level evidence only. It does not infer civil identity, residence or private relationships."
land_dick,LAND_DICK,all_examples_valid,,true,male,cb_20021128_0551,false,,,false,,,,registered_only,historical_nickname_level_only,no_civil_identity_inference,"This index joins nickname-level evidence only. It does not infer civil identity, residence or private relationships."
lascador,Lascador,all_examples_valid,,true,male,cb_20021128_0552,false,,,false,,,,registered_only,historical_nickname_level_only,no_civil_identity_inference,"This index joins nickname-level evidence only. It does not infer civil identity, residence or private relationships."
lauro,Lauro___,all_examples_valid,,true,male,cb_20021128_0553,false,,,false,,,,registered_only,historical_nickname_level_only,no_civil_identity_inference,"This index joins nickname-level evidence only. It does not infer civil identity, residence or private relationships."
lauro_rj,Lauro_RJ,all_examples_valid,,true,male,cb_20021128_0554,false,,,false,,,,registered_only,historical_nickname_level_only,no_civil_identity_inference,"This index joins nickname-level evidence only. It does not infer civil identity, residence or private relationships."
laynerj,LaYnE'Rj,no_examples_valid,LaYnE'Rj,true,female,cb_20021128_1167,false,,,false,,,,registered_only,historical_nickname_level_only,no_civil_identity_inference,"This index joins nickname-level evidence only. It does not infer civil identity, residence or private relationships."
le_saradinho,Le_Saradinho,all_examples_valid,,true,male,cb_20021128_0555,false,,,false,,,,registered_only,historical_nickname_level_only,no_civil_identity_inference,"This index joins nickname-level evidence only. It does not infer civil identity, residence or private relationships."
leandrinhoex_pif,leandrinho(EX PIF),no_examples_valid,leandrinho(EX PIF),true,male,cb_20021128_0556,false,,,false,,,,registered_only,historical_nickname_level_only,no_civil_identity_inference,"This index joins nickname-level evidence only. It does not infer civil identity, residence or private relationships."
leco_jpa,LECO_JPA,all_examples_valid,,true,male,cb_20021128_0557,false,,,false,,,,registered_only,historical_nickname_level_only,no_civil_identity_inference,"This index joins nickname-level evidence only. It does not infer civil identity, residence or private relationships."
leco_the_love,LECO_The_Love,all_examples_valid,,true,male,cb_20021128_0558,false,,,false,,,,registered_only,historical_nickname_level_only,no_civil_identity_inference,"This index joins nickname-level evidence only. It does not infer civil identity, residence or private relationships."
lecoooo,LECOoOO,all_examples_valid,,true,male,cb_20021128_0559,false,,,false,,,,registered_only,historical_nickname_level_only,no_civil_identity_inference,"This index joins nickname-level evidence only. It does not infer civil identity, residence or private relationships."
legumevergume,LEGUMEVERGUME,all_examples_valid,,true,male,cb_20021128_0560,false,,,false,,,,registered_only,historical_nickname_level_only,no_civil_identity_inference,"This index joins nickname-level evidence only. It does not infer civil identity, residence or private relationships."
lekinha_ou_lekaa,Lekinha ou Lekaa,no_examples_valid,Lekinha ou Lekaa,true,female,cb_20021128_1168,false,,,false,,,,registered_only,historical_nickname_level_only,no_civil_identity_inference,"This index joins nickname-level evidence only. It does not infer civil identity, residence or private relationships."
leko,leko,all_examples_valid,,true,male,cb_20021128_0561,false,,,false,,,,registered_only,historical_nickname_level_only,no_civil_identity_inference,"This index joins nickname-level evidence only. It does not infer civil identity, residence or private relationships."
lela^,Lela^,all_examples_valid,,true,female,cb_20021128_1169,false,,,false,,,,registered_only,historical_nickname_level_only,no_civil_identity_inference,"This index joins nickname-level evidence only. It does not infer civil identity, residence or private relationships."
lele-rio_barra,Lele-Rio_Barra,all_examples_valid,,true,male,cb_20021128_0563,false,,,false,,,,registered_only,historical_nickname_level_only,no_civil_identity_inference,"This index joins nickname-level evidence only. It does not infer civil identity, residence or private relationships."
lelei,lelei,all_examples_valid,,true,male,cb_20021128_0562,false,,,false,,,,registered_only,historical_nickname_level_only,no_civil_identity_inference,"This index joins nickname-level evidence only. It does not infer civil identity, residence or private relationships."
lena-barra,Lena-Barra | lena-barra,all_examples_valid,,true,female,cb_20021128_0953,true,,cb_access_200012_009,true,cb_reveillon_2000_2001_post_reveillon,Canal Barra Reveillon 2000-2001 / post-Reveillon gathering,data/raw/ircontros/reveillon-2000-2001-post-reveillon.csv,registered_operator_present_in_ircontro,historical_nickname_level_only,no_civil_identity_inference,"This index joins nickname-level evidence only. It does not infer civil identity, residence or private relationships."
leo,LEO | Leo | __LEO_,all_examples_valid,,true,male,cb_20021128_0046 | cb_20021128_0564 | cb_20021128_0565,false,,,false,,,,registered_only,historical_nickname_level_only,no_civil_identity_inference,"This index joins nickname-level evidence only. It does not infer civil identity, residence or private relationships."
leo-23,LEO-23,all_examples_valid,,true,male,cb_20021128_0569,false,,,false,,,,registered_only,historical_nickname_level_only,no_civil_identity_inference,"This index joins nickname-level evidence only. It does not infer civil identity, residence or private relationships."
leo-recreio,LEO-RECREIO,all_examples_valid,,true,male,cb_20021128_0571,false,,,false,,,,registered_only,historical_nickname_level_only,no_civil_identity_inference,"This index joins nickname-level evidence only. It does not infer civil identity, residence or private relationships."
leo_do_meier,Leo do Meier,no_examples_valid,Leo do Meier,true,male,cb_20021128_0566,false,,,false,,,,registered_only,historical_nickname_level_only,no_civil_identity_inference,"This index joins nickname-level evidence only. It does not infer civil identity, residence or private relationships."
leo_gato,LeO_GaTo,all_examples_valid,,true,male,cb_20021128_0567,false,,,false,,,,registered_only,historical_nickname_level_only,no_civil_identity_inference,"This index joins nickname-level evidence only. It does not infer civil identity, residence or private relationships."
leo_leblon,Leo_Leblon,all_examples_valid,,true,male,cb_20021128_0568,false,,,false,,,,registered_only,historical_nickname_level_only,no_civil_identity_inference,"This index joins nickname-level evidence only. It does not infer civil identity, residence or private relationships."
leobarra,LEOBARRA,all_examples_valid,,true,male,cb_20021128_0570,false,,,false,,,,registered_only,historical_nickname_level_only,no_civil_identity_inference,"This index joins nickname-level evidence only. It does not infer civil identity, residence or private relationships."
leothefirm,LeoTheFirm,all_examples_valid,,true,male,cb_20021128_0572,false,,,false,,,,registered_only,historical_nickname_level_only,no_civil_identity_inference,"This index joins nickname-level evidence only. It does not infer civil identity, residence or private relationships."
lesk-dopacha,LeSK-DoPaChA,all_examples_valid,,true,male,cb_20021128_0573,false,,,false,,,,registered_only,historical_nickname_level_only,no_civil_identity_inference,"This index joins nickname-level evidence only. It does not infer civil identity, residence or private relationships."
letang,letang,all_examples_valid,,true,male,cb_20021128_0574,false,,,false,,,,registered_only,historical_nickname_level_only,no_civil_identity_inference,"This index joins nickname-level evidence only. It does not infer civil identity, residence or private relationships."
leuo,LeUo_,all_examples_valid,,true,male,cb_20021128_0575,false,,,false,,,,registered_only,historical_nickname_level_only,no_civil_identity_inference,"This index joins nickname-level evidence only. It does not infer civil identity, residence or private relationships."
libriano,Libriano,all_examples_valid,,true,male,cb_20021128_0576,false,,,false,,,,registered_only,historical_nickname_level_only,no_civil_identity_inference,"This index joins nickname-level evidence only. It does not infer civil identity, residence or private relationships."
lica-ilha,lica-ilha,all_examples_valid,,true,female,cb_20021128_1170,false,,,false,,,,registered_only,historical_nickname_level_only,no_civil_identity_inference,"This index joins nickname-level evidence only. It does not infer civil identity, residence or private relationships."
liel,liel,all_examples_valid,,true,male,cb_20021128_0577,false,,,false,,,,registered_only,historical_nickname_level_only,no_civil_identity_inference,"This index joins nickname-level evidence only. It does not infer civil identity, residence or private relationships."
lila_loira,Lila Loira,no_examples_valid,Lila Loira,true,female,cb_20021128_1171,false,,,false,,,,registered_only,historical_nickname_level_only,no_civil_identity_inference,"This index joins nickname-level evidence only. It does not infer civil identity, residence or private relationships."
lilgus,LiLGuS,all_examples_valid,,true,male,cb_20021128_0578,false,,,false,,,,registered_only,historical_nickname_level_only,no_civil_identity_inference,"This index joins nickname-level evidence only. It does not infer civil identity, residence or private relationships."
lilica_fla,LILICA_FLA,all_examples_valid,,true,female,cb_20021128_1172,false,,,false,,,,registered_only,historical_nickname_level_only,no_civil_identity_inference,"This index joins nickname-level evidence only. It does not infer civil identity, residence or private relationships."
lillicarj,LillicaRJ,all_examples_valid,,true,female,cb_20021128_1173,false,,,false,,,,registered_only,historical_nickname_level_only,no_civil_identity_inference,"This index joins nickname-level evidence only. It does not infer civil identity, residence or private relationships."
lily-17,Lily-17,all_examples_valid,,true,female,cb_20021128_1174,false,,,false,,,,registered_only,historical_nickname_level_only,no_civil_identity_inference,"This index joins nickname-level evidence only. It does not infer civil identity, residence or private relationships."
lindinha,Lindinha,all_examples_valid,,true,female,cb_20021128_1175,false,,,false,,,,registered_only,historical_nickname_level_only,no_civil_identity_inference,"This index joins nickname-level evidence only. It does not infer civil identity, residence or private relationships."
lindinha_barra,Lindinha_Barra,all_examples_valid,,true,female,cb_20021128_1176,false,,,false,,,,registered_only,historical_nickname_level_only,no_civil_identity_inference,"This index joins nickname-level evidence only. It does not infer civil identity, residence or private relationships."
lindinhoo_zs,lindinhoo_zs,all_examples_valid,,true,male,cb_20021128_0579,false,,,false,,,,registered_only,historical_nickname_level_only,no_civil_identity_inference,"This index joins nickname-level evidence only. It does not infer civil identity, residence or private relationships."
lindo_jpa,Lindo_JPA,all_examples_valid,,true,male,cb_20021128_0580,false,,,false,,,,registered_only,historical_nickname_level_only,no_civil_identity_inference,"This index joins nickname-level evidence only. It does not infer civil identity, residence or private relationships."
lindo_vp,lindo_vp,all_examples_valid,,true,male,cb_20021128_0581,false,,,false,,,,registered_only,historical_nickname_level_only,no_civil_identity_inference,"This index joins nickname-level evidence only. It does not infer civil identity, residence or private relationships."
line,Line | line,all_examples_valid,,true,female,cb_20021128_0963 | cb_20021128_1177,false,,,false,,,,registered_only,historical_nickname_level_only,no_civil_identity_inference,"This index joins nickname-level evidence only. It does not infer civil identity, residence or private relationships."
liny,LINY,all_examples_valid,,true,female,cb_20021128_1178,false,,,false,,,,registered_only,historical_nickname_level_only,no_civil_identity_inference,"This index joins nickname-level evidence only. It does not infer civil identity, residence or private relationships."
lipe,Lipe | Lipe____,all_examples_valid,,true,male,cb_20021128_0582 | cb_20021128_0583,false,,,false,,,,registered_only,historical_nickname_level_only,no_civil_identity_inference,"This index joins nickname-level evidence only. It does not infer civil identity, residence or private relationships."
lipe-23,Lipe-23,all_examples_valid,,true,male,cb_20021128_0589,false,,,false,,,,registered_only,historical_nickname_level_only,no_civil_identity_inference,"This index joins nickname-level evidence only. It does not infer civil identity, residence or private relationships."
lipe-tyf,Lipe-TYF,all_examples_valid,,true,male,cb_20021128_0591,false,,,false,,,,registered_only,historical_nickname_level_only,no_civil_identity_inference,"This index joins nickname-level evidence only. It does not infer civil identity, residence or private relationships."
lipe_18_rj,Lipe_18_Rj,all_examples_valid,,true,male,cb_20021128_0584,false,,,false,,,,registered_only,historical_nickname_level_only,no_civil_identity_inference,"This index joins nickname-level evidence only. It does not infer civil identity, residence or private relationships."
lipe_estacio_bb4life,Lipe_Estacio_BB4LIFE,all_examples_valid,,true,male,cb_20021128_0585,false,,,false,,,,registered_only,historical_nickname_level_only,no_civil_identity_inference,"This index joins nickname-level evidence only. It does not infer civil identity, residence or private relationships."
lipe_remador,Lipe_Remador,all_examples_valid,,true,male,cb_20021128_0586,false,,,false,,,,registered_only,historical_nickname_level_only,no_civil_identity_inference,"This index joins nickname-level evidence only. It does not infer civil identity, residence or private relationships."
lipe_rj,Lipe_RJ,all_examples_valid,,true,male,cb_20021128_0587,false,,,false,,,,registered_only,historical_nickname_level_only,no_civil_identity_inference,"This index joins nickname-level evidence only. It does not infer civil identity, residence or private relationships."
lipebravu,_LiPeBravU_,all_examples_valid,,true,male,cb_20021128_0056,false,,,false,,,,registered_only,historical_nickname_level_only,no_civil_identity_inference,"This index joins nickname-level evidence only. It does not infer civil identity, residence or private relationships."
lipec,lipec,all_examples_valid,,true,male,cb_20021128_0590,false,,,false,,,,registered_only,historical_nickname_level_only,no_civil_identity_inference,"This index joins nickname-level evidence only. It does not infer civil identity, residence or private relationships."
lipecwb,Lipe®CWB,no_examples_valid,Lipe®CWB,true,male,cb_20021128_0588,false,,,false,,,,registered_only,historical_nickname_level_only,no_civil_identity_inference,"This index joins nickname-level evidence only. It does not infer civil identity, residence or private relationships."
lipi,lipi,all_examples_valid,,true,male,cb_20021128_0592,false,,,false,,,,registered_only,historical_nickname_level_only,no_civil_identity_inference,"This index joins nickname-level evidence only. It does not infer civil identity, residence or private relationships."
lipi_rj,LIPI_RJ,all_examples_valid,,true,male,cb_20021128_0593,false,,,false,,,,registered_only,historical_nickname_level_only,no_civil_identity_inference,"This index joins nickname-level evidence only. It does not infer civil identity, residence or private relationships."
lisa-barra,Lisa-Barra | lisa-barra,all_examples_valid,,true,female,cb_20021128_0954,true,,cb_access_200012_008,true,cb_reveillon_2000_2001_post_reveillon,Canal Barra Reveillon 2000-2001 / post-Reveillon gathering,data/raw/ircontros/reveillon-2000-2001-post-reveillon.csv,registered_operator_present_in_ircontro,historical_nickname_level_only,no_civil_identity_inference,"This index joins nickname-level evidence only. It does not infer civil identity, residence or private relationships."
lisa07,Lisa07,all_examples_valid,,true,female,cb_20021128_1179,false,,,false,,,,registered_only,historical_nickname_level_only,no_civil_identity_inference,"This index joins nickname-level evidence only. It does not infer civil identity, residence or private relationships."
liva,_Liva_,all_examples_valid,,true,female,cb_20021128_0985,false,,,false,,,,registered_only,historical_nickname_level_only,no_civil_identity_inference,"This index joins nickname-level evidence only. It does not infer civil identity, residence or private relationships."
livinha_barra,Livinha_Barra,all_examples_valid,,true,female,cb_20021128_1180,false,,,false,,,,registered_only,historical_nickname_level_only,no_civil_identity_inference,"This index joins nickname-level evidence only. It does not infer civil identity, residence or private relationships."
ll,***L@l@***,no_examples_valid,***L@l@***,true,female,cb_20021128_0966,false,,,false,,,,registered_only,historical_nickname_level_only,no_civil_identity_inference,"This index joins nickname-level evidence only. It does not infer civil identity, residence or private relationships."
lli,lli,all_examples_valid,,true,female,cb_20021128_1181,false,,,false,,,,registered_only,historical_nickname_level_only,no_civil_identity_inference,"This index joins nickname-level evidence only. It does not infer civil identity, residence or private relationships."
lobato,Lobato,all_examples_valid,,true,male,cb_20021128_0594,false,,,false,,,,registered_only,historical_nickname_level_only,no_civil_identity_inference,"This index joins nickname-level evidence only. It does not infer civil identity, residence or private relationships."
locer[bcg],LoCeR[BcG],all_examples_valid,,true,male,cb_20021128_0595,false,,,false,,,,registered_only,historical_nickname_level_only,no_civil_identity_inference,"This index joins nickname-level evidence only. It does not infer civil identity, residence or private relationships."
loira,loira,all_examples_valid,,true,female,cb_20021128_1182,false,,,false,,,,registered_only,historical_nickname_level_only,no_civil_identity_inference,"This index joins nickname-level evidence only. It does not infer civil identity, residence or private relationships."
loira_exaltada,loira_exaltada,all_examples_valid,,true,female,cb_20021128_1183,false,,,false,,,,registered_only,historical_nickname_level_only,no_civil_identity_inference,"This index joins nickname-level evidence only. It does not infer civil identity, residence or private relationships."
loira_modelo,loira_modelo,all_examples_valid,,true,female,cb_20021128_1184,false,,,false,,,,registered_only,historical_nickname_level_only,no_civil_identity_inference,"This index joins nickname-level evidence only. It does not infer civil identity, residence or private relationships."
loira_olhos_verdes,Loira_Olhos_Verdes,all_examples_valid,,true,female,cb_20021128_1185,false,,,false,,,,registered_only,historical_nickname_level_only,no_civil_identity_inference,"This index joins nickname-level evidence only. It does not infer civil identity, residence or private relationships."
loira_vp,loira_vp,all_examples_valid,,true,female,cb_20021128_1186,false,,,false,,,,registered_only,historical_nickname_level_only,no_civil_identity_inference,"This index joins nickname-level evidence only. It does not infer civil identity, residence or private relationships."
loirauff,LoiraUFF,all_examples_valid,,true,female,cb_20021128_1187,false,,,false,,,,registered_only,historical_nickname_level_only,no_civil_identity_inference,"This index joins nickname-level evidence only. It does not infer civil identity, residence or private relationships."
loirinha_barra,Loirinha_Barra,all_examples_valid,,true,female,cb_20021128_1188,false,,,false,,,,registered_only,historical_nickname_level_only,no_civil_identity_inference,"This index joins nickname-level evidence only. It does not infer civil identity, residence or private relationships."
loirinha_recreio,loirinha_recreio,all_examples_valid,,true,female,cb_20021128_1189,false,,,false,,,,registered_only,historical_nickname_level_only,no_civil_identity_inference,"This index joins nickname-level evidence only. It does not infer civil identity, residence or private relationships."
loirinha_rio,Loirinha_Rio,all_examples_valid,,true,female,cb_20021128_1190,false,,,false,,,,registered_only,historical_nickname_level_only,no_civil_identity_inference,"This index joins nickname-level evidence only. It does not infer civil identity, residence or private relationships."
loiro_olhos_azuis,Loiro Olhos Azuis,no_examples_valid,Loiro Olhos Azuis,true,male,cb_20021128_0596,false,,,false,,,,registered_only,historical_nickname_level_only,no_civil_identity_inference,"This index joins nickname-level evidence only. It does not infer civil identity, residence or private relationships."
longbeachduballstars,LongBeachDubAllstars,all_examples_valid,,true,male,cb_20021128_0597,false,,,false,,,,registered_only,historical_nickname_level_only,no_civil_identity_inference,"This index joins nickname-level evidence only. It does not infer civil identity, residence or private relationships."
lora,Lora,all_examples_valid,,true,female,cb_20021128_1191,false,,,false,,,,registered_only,historical_nickname_level_only,no_civil_identity_inference,"This index joins nickname-level evidence only. It does not infer civil identity, residence or private relationships."
lora_recreio,LoRa_ReCrEiO,all_examples_valid,,true,female,cb_20021128_1192,false,,,false,,,,registered_only,historical_nickname_level_only,no_civil_identity_inference,"This index joins nickname-level evidence only. It does not infer civil identity, residence or private relationships."
lorarj,lorarj,all_examples_valid,,true,female,cb_20021128_0955,false,,,false,,,,registered_only,historical_nickname_level_only,no_civil_identity_inference,"This index joins nickname-level evidence only. It does not infer civil identity, residence or private relationships."
lord-barra,Lord-Barra,all_examples_valid,,true,male,cb_20021128_0599,false,,,false,,,,registered_only,historical_nickname_level_only,no_civil_identity_inference,"This index joins nickname-level evidence only. It does not infer civil identity, residence or private relationships."
lord_jim,LoRd_JiM,all_examples_valid,,true,male,cb_20021128_0598,false,,,false,,,,registered_only,historical_nickname_level_only,no_civil_identity_inference,"This index joins nickname-level evidence only. It does not infer civil identity, residence or private relationships."
lorde,Lorde,all_examples_valid,,true,male,cb_20021128_0600,false,,,false,,,,registered_only,historical_nickname_level_only,no_civil_identity_inference,"This index joins nickname-level evidence only. It does not infer civil identity, residence or private relationships."
lostprincess,LostPrincess,all_examples_valid,,true,female,cb_20021128_1193,false,,,false,,,,registered_only,historical_nickname_level_only,no_civil_identity_inference,"This index joins nickname-level evidence only. It does not infer civil identity, residence or private relationships."
loucao_do_pantano,Loucao_do_Pantano,all_examples_valid,,true,male,cb_20021128_0601,false,,,false,,,,registered_only,historical_nickname_level_only,no_civil_identity_inference,"This index joins nickname-level evidence only. It does not infer civil identity, residence or private relationships."
louquinho_rj,LOUQUINHO_RJ_,all_examples_valid,,true,male,cb_20021128_0602,false,,,false,,,,registered_only,historical_nickname_level_only,no_civil_identity_inference,"This index joins nickname-level evidence only. It does not infer civil identity, residence or private relationships."
lua_23_rj,Lua_23_RJ,all_examples_valid,,true,female,cb_20021128_1194,false,,,false,,,,registered_only,historical_nickname_level_only,no_civil_identity_inference,"This index joins nickname-level evidence only. It does not infer civil identity, residence or private relationships."
luana_spears,*Luana Spears*,no_examples_valid,*Luana Spears*,true,female,cb_20021128_0971,false,,,false,,,,registered_only,historical_nickname_level_only,no_civil_identity_inference,"This index joins nickname-level evidence only. It does not infer civil identity, residence or private relationships."
luaninha20_recreio,Luaninha20_Recreio,all_examples_valid,,true,female,cb_20021128_1195,false,,,false,,,,registered_only,historical_nickname_level_only,no_civil_identity_inference,"This index joins nickname-level evidence only. It does not infer civil identity, residence or private relationships."
luara_morena,Luara_morena,all_examples_valid,,true,female,cb_20021128_1196,false,,,false,,,,registered_only,historical_nickname_level_only,no_civil_identity_inference,"This index joins nickname-level evidence only. It does not infer civil identity, residence or private relationships."
lucas_rio,Lucas_Rio,all_examples_valid,,true,male,cb_20021128_0006,false,,,false,,,,registered_only,historical_nickname_level_only,no_civil_identity_inference,"This index joins nickname-level evidence only. It does not infer civil identity, residence or private relationships."
luciana_21_rj,LUCIANA_21_RJ,all_examples_valid,,true,female,cb_20021128_1197,false,,,false,,,,registered_only,historical_nickname_level_only,no_civil_identity_inference,"This index joins nickname-level evidence only. It does not infer civil identity, residence or private relationships."
lucianorj{e1},LucianoRJ{E1},all_examples_valid,,true,male,cb_20021128_0603,false,,,false,,,,registered_only,historical_nickname_level_only,no_civil_identity_inference,"This index joins nickname-level evidence only. It does not infer civil identity, residence or private relationships."
lucy,lucy,all_examples_valid,,true,female,cb_20021128_1198,false,,,false,,,,registered_only,historical_nickname_level_only,no_civil_identity_inference,"This index joins nickname-level evidence only. It does not infer civil identity, residence or private relationships."
luisbarra,LUISBARRA,all_examples_valid,,true,male,cb_20021128_0604,false,,,false,,,,registered_only,historical_nickname_level_only,no_civil_identity_inference,"This index joins nickname-level evidence only. It does not infer civil identity, residence or private relationships."
luiz-21-rj,Luiz-21-RJ,all_examples_valid,,true,male,cb_20021128_0605,false,,,false,,,,registered_only,historical_nickname_level_only,no_civil_identity_inference,"This index joins nickname-level evidence only. It does not infer civil identity, residence or private relationships."
luiza32,Luiza32,all_examples_valid,,true,female,cb_20021128_1199,false,,,false,,,,registered_only,historical_nickname_level_only,no_civil_identity_inference,"This index joins nickname-level evidence only. It does not infer civil identity, residence or private relationships."
luluka,LuLuKa,all_examples_valid,,true,female,cb_20021128_1200,false,,,false,,,,registered_only,historical_nickname_level_only,no_civil_identity_inference,"This index joins nickname-level evidence only. It does not infer civil identity, residence or private relationships."
luluquinha_pe,Luluquinha_PE,all_examples_valid,,true,female,cb_20021128_1201,false,,,false,,,,registered_only,historical_nickname_level_only,no_civil_identity_inference,"This index joins nickname-level evidence only. It does not infer civil identity, residence or private relationships."
lyanne,Lyanne,all_examples_valid,,true,female,cb_20021128_1202,false,,,false,,,,registered_only,historical_nickname_level_only,no_civil_identity_inference,"This index joins nickname-level evidence only. It does not infer civil identity, residence or private relationships."
lyanne_ou_pricka,Lyanne ou Pricka,no_examples_valid,Lyanne ou Pricka,true,female,cb_20021128_1203,false,,,false,,,,registered_only,historical_nickname_level_only,no_civil_identity_inference,"This index joins nickname-level evidence only. It does not infer civil identity, residence or private relationships."
lype,Lype,all_examples_valid,,true,male,cb_20021128_0606,false,,,false,,,,registered_only,historical_nickname_level_only,no_civil_identity_inference,"This index joins nickname-level evidence only. It does not infer civil identity, residence or private relationships."
m_^oo^_m,____m_^oo^_m____,all_examples_valid,,true,male,cb_20021128_0045,false,,,false,,,,registered_only,historical_nickname_level_only,no_civil_identity_inference,"This index joins nickname-level evidence only. It does not infer civil identity, residence or private relationships."
m_e_k_o_15,M_E_K_O_15,all_examples_valid,,true,male,cb_20021128_0607,false,,,false,,,,registered_only,historical_nickname_level_only,no_civil_identity_inference,"This index joins nickname-level evidence only. It does not infer civil identity, residence or private relationships."
m_m_m,M_M_M_,all_examples_valid,,true,male,cb_20021128_0608,false,,,false,,,,registered_only,historical_nickname_level_only,no_civil_identity_inference,"This index joins nickname-level evidence only. It does not infer civil identity, residence or private relationships."
mad,Mad,all_examples_valid,,true,male,cb_20021128_0007,false,,,false,,,,registered_only,historical_nickname_level_only,no_civil_identity_inference,"This index joins nickname-level evidence only. It does not infer civil identity, residence or private relationships."
mafioso_italiano,Mafioso_Italiano,all_examples_valid,,true,male,cb_20021128_0609,false,,,false,,,,registered_only,historical_nickname_level_only,no_civil_identity_inference,"This index joins nickname-level evidence only. It does not infer civil identity, residence or private relationships."
magestic12-shadow-,Magestic12-Shadow-,all_examples_valid,,true,male,cb_20021128_0610,false,,,false,,,,registered_only,historical_nickname_level_only,no_civil_identity_inference,"This index joins nickname-level evidence only. It does not infer civil identity, residence or private relationships."
magho,MaGhO | magho,all_examples_valid,,true,male,cb_20021128_0611,true,,cb_access_200012_014,false,,,,registered_operator,historical_nickname_level_only,no_civil_identity_inference,"This index joins nickname-level evidence only. It does not infer civil identity, residence or private relationships."
magnata_gop,mAgNaTa_GOP,all_examples_valid,,true,male,cb_20021128_0612,false,,,false,,,,registered_only,historical_nickname_level_only,no_civil_identity_inference,"This index joins nickname-level evidence only. It does not infer civil identity, residence or private relationships."
maguinha,maguinha,all_examples_valid,,true,female,cb_20021128_1204,false,,,false,,,,registered_only,historical_nickname_level_only,no_civil_identity_inference,"This index joins nickname-level evidence only. It does not infer civil identity, residence or private relationships."
mais_galan_impossive,MaIS_GaLaN_ImPoSsIvE,all_examples_valid,,true,male,cb_20021128_0613,false,,,false,,,,registered_only,historical_nickname_level_only,no_civil_identity_inference,"This index joins nickname-level evidence only. It does not infer civil identity, residence or private relationships."
malandrovisky,Malandrovisky,all_examples_valid,,true,male,cb_20021128_0614,false,,,false,,,,registered_only,historical_nickname_level_only,no_civil_identity_inference,"This index joins nickname-level evidence only. It does not infer civil identity, residence or private relationships."
malha,MaLhA,all_examples_valid,,true,male,cb_20021128_0615,false,,,false,,,,registered_only,historical_nickname_level_only,no_civil_identity_inference,"This index joins nickname-level evidence only. It does not infer civil identity, residence or private relationships."
malhado-rj,MALHADO-RJ,all_examples_valid,,true,male,cb_20021128_0616,false,,,false,,,,registered_only,historical_nickname_level_only,no_civil_identity_inference,"This index joins nickname-level evidence only. It does not infer civil identity, residence or private relationships."
malukinha_18,Malukinha_18,all_examples_valid,,true,female,cb_20021128_1205,false,,,false,,,,registered_only,historical_nickname_level_only,no_civil_identity_inference,"This index joins nickname-level evidence only. It does not infer civil identity, residence or private relationships."
malukinha_meier,Malukinha_meier,all_examples_valid,,true,female,cb_20021128_1206,false,,,false,,,,registered_only,historical_nickname_level_only,no_civil_identity_inference,"This index joins nickname-level evidence only. It does not infer civil identity, residence or private relationships."
malvadinha,**Malvadinha**,no_examples_valid,**Malvadinha**,true,female,cb_20021128_0968,false,,,false,,,,registered_only,historical_nickname_level_only,no_civil_identity_inference,"This index joins nickname-level evidence only. It does not infer civil identity, residence or private relationships."
malvadinha-rj,Malvadinha-RJ,all_examples_valid,,true,female,cb_20021128_1207,false,,,false,,,,registered_only,historical_nickname_level_only,no_civil_identity_inference,"This index joins nickname-level evidence only. It does not infer civil identity, residence or private relationships."
malvadinho_copa_rj,MALVADINHO_COPA_RJ,all_examples_valid,,true,male,cb_20021128_0617,false,,,false,,,,registered_only,historical_nickname_level_only,no_civil_identity_inference,"This index joins nickname-level evidence only. It does not infer civil identity, residence or private relationships."
malvessi,Malvessi,all_examples_valid,,true,male,cb_20021128_0618,false,,,false,,,,registered_only,historical_nickname_level_only,no_civil_identity_inference,"This index joins nickname-level evidence only. It does not infer civil identity, residence or private relationships."
mandrake,MANDRAKE,all_examples_valid,,true,male,cb_20021128_0619,false,,,false,,,,registered_only,historical_nickname_level_only,no_civil_identity_inference,"This index joins nickname-level evidence only. It does not infer civil identity, residence or private relationships."
manezao_da_barra,MAnezao_da_barra,all_examples_valid,,true,male,cb_20021128_0620,false,,,false,,,,registered_only,historical_nickname_level_only,no_civil_identity_inference,"This index joins nickname-level evidence only. It does not infer civil identity, residence or private relationships."
manhosa_rj,Manhosa_RJ,all_examples_valid,,true,female,cb_20021128_1208,false,,,false,,,,registered_only,historical_nickname_level_only,no_civil_identity_inference,"This index joins nickname-level evidence only. It does not infer civil identity, residence or private relationships."
mannu-barra,Mannu-barra,all_examples_valid,,true,female,cb_20021128_1209,false,,,false,,,,registered_only,historical_nickname_level_only,no_civil_identity_inference,"This index joins nickname-level evidence only. It does not infer civil identity, residence or private relationships."
mano_rj,Mano_RJ,all_examples_valid,,true,male,cb_20021128_0621,false,,,false,,,,registered_only,historical_nickname_level_only,no_civil_identity_inference,"This index joins nickname-level evidence only. It does not infer civil identity, residence or private relationships."
manuzinha_rj,MaNuZiNhA_Rj,all_examples_valid,,true,female,cb_20021128_1210,false,,,false,,,,registered_only,historical_nickname_level_only,no_civil_identity_inference,"This index joins nickname-level evidence only. It does not infer civil identity, residence or private relationships."
marcela_usa,Marcela_USA,all_examples_valid,,true,female,cb_20021128_1211,false,,,false,,,,registered_only,historical_nickname_level_only,no_civil_identity_inference,"This index joins nickname-level evidence only. It does not infer civil identity, residence or private relationships."
marcelinho,Marcelinho | mArCeLiNhO | marcelinho,all_examples_valid,,true,male,cb_20021128_0622 | cb_20021128_0623 | cb_20021128_0624,false,,,false,,,,registered_only,historical_nickname_level_only,no_civil_identity_inference,"This index joins nickname-level evidence only. It does not infer civil identity, residence or private relationships."
marcelinho-18,marcelinho-18,all_examples_valid,,true,male,cb_20021128_0625,false,,,false,,,,registered_only,historical_nickname_level_only,no_civil_identity_inference,"This index joins nickname-level evidence only. It does not infer civil identity, residence or private relationships."
marcelo,Marcelo,all_examples_valid,,true,male,cb_20021128_0626,false,,,false,,,,registered_only,historical_nickname_level_only,no_civil_identity_inference,"This index joins nickname-level evidence only. It does not infer civil identity, residence or private relationships."
marcelo-rj,Marcelo-RJ,all_examples_valid,,true,male,cb_20021128_0628,false,,,false,,,,registered_only,historical_nickname_level_only,no_civil_identity_inference,"This index joins nickname-level evidence only. It does not infer civil identity, residence or private relationships."
marcelo_barra-20,Marcelo_Barra-20,all_examples_valid,,true,male,cb_20021128_0627,false,,,false,,,,registered_only,historical_nickname_level_only,no_civil_identity_inference,"This index joins nickname-level evidence only. It does not infer civil identity, residence or private relationships."
marcinho,Marcinho,all_examples_valid,,true,male,cb_20021128_0629,false,,,false,,,,registered_only,historical_nickname_level_only,no_civil_identity_inference,"This index joins nickname-level evidence only. It does not infer civil identity, residence or private relationships."
marcinho_copa,marcinho_copa,all_examples_valid,,true,male,cb_20021128_0630,false,,,false,,,,registered_only,historical_nickname_level_only,no_civil_identity_inference,"This index joins nickname-level evidence only. It does not infer civil identity, residence or private relationships."
marcinhu_diretoria,MaRcInHu_DiReToRiA,all_examples_valid,,true,male,cb_20021128_0631,false,,,false,,,,registered_only,historical_nickname_level_only,no_civil_identity_inference,"This index joins nickname-level evidence only. It does not infer civil identity, residence or private relationships."
marcio-17-barra,marcio-17-Barra,all_examples_valid,,true,male,cb_20021128_0634,false,,,false,,,,registered_only,historical_nickname_level_only,no_civil_identity_inference,"This index joins nickname-level evidence only. It does not infer civil identity, residence or private relationships."
marcio_18_recreio,Marcio_18_Recreio,all_examples_valid,,true,male,cb_20021128_0633,false,,,false,,,,registered_only,historical_nickname_level_only,no_civil_identity_inference,"This index joins nickname-level evidence only. It does not infer civil identity, residence or private relationships."
marcio_taz,Marcio Taz,no_examples_valid,Marcio Taz,true,male,cb_20021128_0632,false,,,false,,,,registered_only,historical_nickname_level_only,no_civil_identity_inference,"This index joins nickname-level evidence only. It does not infer civil identity, residence or private relationships."
marcomix,Marcomix,all_examples_valid,,true,male,cb_20021128_0635,false,,,false,,,,registered_only,historical_nickname_level_only,no_civil_identity_inference,"This index joins nickname-level evidence only. It does not infer civil identity, residence or private relationships."
marcos_barra,Marcos_Barra,all_examples_valid,,true,male,cb_20021128_0637,false,,,false,,,,registered_only,historical_nickname_level_only,no_civil_identity_inference,"This index joins nickname-level evidence only. It does not infer civil identity, residence or private relationships."
marcos_marmagal,Marcos Marmagal,no_examples_valid,Marcos Marmagal,true,male,cb_20021128_0636,false,,,false,,,,registered_only,historical_nickname_level_only,no_civil_identity_inference,"This index joins nickname-level evidence only. It does not infer civil identity, residence or private relationships."
mari_19,mari_19,all_examples_valid,,true,female,cb_20021128_1212,false,,,false,,,,registered_only,historical_nickname_level_only,no_civil_identity_inference,"This index joins nickname-level evidence only. It does not infer civil identity, residence or private relationships."
mariana_mlm,Mariana_MlM,all_examples_valid,,true,female,cb_20021128_1213,false,,,false,,,,registered_only,historical_nickname_level_only,no_civil_identity_inference,"This index joins nickname-level evidence only. It does not infer civil identity, residence or private relationships."
marinheiro-rj,Marinheiro-RJ,all_examples_valid,,true,male,cb_20021128_0638,false,,,false,,,,registered_only,historical_nickname_level_only,no_civil_identity_inference,"This index joins nickname-level evidence only. It does not infer civil identity, residence or private relationships."
mariobross,mariOBroSs,all_examples_valid,,true,male,cb_20021128_0639,false,,,false,,,,registered_only,historical_nickname_level_only,no_civil_identity_inference,"This index joins nickname-level evidence only. It does not infer civil identity, residence or private relationships."
markus20-barra,MARKUS20-BARRA,all_examples_valid,,true,male,cb_20021128_0640,false,,,false,,,,registered_only,historical_nickname_level_only,no_civil_identity_inference,"This index joins nickname-level evidence only. It does not infer civil identity, residence or private relationships."
markyto,Markyto,all_examples_valid,,true,male,cb_20021128_0641,false,,,false,,,,registered_only,historical_nickname_level_only,no_civil_identity_inference,"This index joins nickname-level evidence only. It does not infer civil identity, residence or private relationships."
marlon,_Marlon_,all_examples_valid,,true,male,cb_20021128_0057,false,,,false,,,,registered_only,historical_nickname_level_only,no_civil_identity_inference,"This index joins nickname-level evidence only. It does not infer civil identity, residence or private relationships."
marquinhos,marquinhos,all_examples_valid,,true,male,cb_20021128_0642,false,,,false,,,,registered_only,historical_nickname_level_only,no_civil_identity_inference,"This index joins nickname-level evidence only. It does not infer civil identity, residence or private relationships."
marrentinha,Marrentinha,all_examples_valid,,true,female,cb_20021128_1214,false,,,false,,,,registered_only,historical_nickname_level_only,no_civil_identity_inference,"This index joins nickname-level evidence only. It does not infer civil identity, residence or private relationships."
marssel,Marssel,all_examples_valid,,true,male,cb_20021128_0008,false,,,false,,,,registered_only,historical_nickname_level_only,no_civil_identity_inference,"This index joins nickname-level evidence only. It does not infer civil identity, residence or private relationships."
martins26,martins26,all_examples_valid,,true,male,cb_20021128_0643,false,,,false,,,,registered_only,historical_nickname_level_only,no_civil_identity_inference,"This index joins nickname-level evidence only. It does not infer civil identity, residence or private relationships."
marvin,Marvin,all_examples_valid,,true,male,cb_20021128_0644,false,,,false,,,,registered_only,historical_nickname_level_only,no_civil_identity_inference,"This index joins nickname-level evidence only. It does not infer civil identity, residence or private relationships."
marvyn_recreio,mArVyN_rEcReIo,all_examples_valid,,true,male,cb_20021128_0645,false,,,false,,,,registered_only,historical_nickname_level_only,no_civil_identity_inference,"This index joins nickname-level evidence only. It does not infer civil identity, residence or private relationships."
maryah,Maryah,all_examples_valid,,true,female,cb_20021128_0956,false,,,false,,,,registered_only,historical_nickname_level_only,no_civil_identity_inference,"This index joins nickname-level evidence only. It does not infer civil identity, residence or private relationships."
maryzinha,Maryzinha,all_examples_valid,,true,female,cb_20021128_1215,false,,,false,,,,registered_only,historical_nickname_level_only,no_civil_identity_inference,"This index joins nickname-level evidence only. It does not infer civil identity, residence or private relationships."
mastercardboy,MASTERCARDBOY,all_examples_valid,,true,male,cb_20021128_0646,false,,,false,,,,registered_only,historical_nickname_level_only,no_civil_identity_inference,"This index joins nickname-level evidence only. It does not infer civil identity, residence or private relationships."
mateu,Mateu,all_examples_valid,,true,male,cb_20021128_0647,false,,,false,,,,registered_only,historical_nickname_level_only,no_civil_identity_inference,"This index joins nickname-level evidence only. It does not infer civil identity, residence or private relationships."
mateus_foto_zs,Mateus_Foto_Zs,all_examples_valid,,true,male,cb_20021128_0648,false,,,false,,,,registered_only,historical_nickname_level_only,no_civil_identity_inference,"This index joins nickname-level evidence only. It does not infer civil identity, residence or private relationships."
matrix_rj,Matrix_RJ,all_examples_valid,,true,male,cb_20021128_0649,false,,,false,,,,registered_only,historical_nickname_level_only,no_civil_identity_inference,"This index joins nickname-level evidence only. It does not infer civil identity, residence or private relationships."
maverick,MAVERICK,all_examples_valid,,true,male,cb_20021128_0650,false,,,false,,,,registered_only,historical_nickname_level_only,no_civil_identity_inference,"This index joins nickname-level evidence only. It does not infer civil identity, residence or private relationships."
maverick_v8_302,Maverick_V8_302,all_examples_valid,,true,male,cb_20021128_0651,false,,,false,,,,registered_only,historical_nickname_level_only,no_civil_identity_inference,"This index joins nickname-level evidence only. It does not infer civil identity, residence or private relationships."
maylla_rj,maylla_rj,all_examples_valid,,true,female,cb_20021128_1216,false,,,false,,,,registered_only,historical_nickname_level_only,no_civil_identity_inference,"This index joins nickname-level evidence only. It does not infer civil identity, residence or private relationships."
mcfly_rj,McFly_RJ,all_examples_valid,,true,male,cb_20021128_0652,false,,,false,,,,registered_only,historical_nickname_level_only,no_civil_identity_inference,"This index joins nickname-level evidence only. It does not infer civil identity, residence or private relationships."
meiguinha_26_rj,Meiguinha_26_RJ,all_examples_valid,,true,female,cb_20021128_1217,false,,,false,,,,registered_only,historical_nickname_level_only,no_civil_identity_inference,"This index joins nickname-level evidence only. It does not infer civil identity, residence or private relationships."
mel-rj,Mel-RJ,all_examples_valid,,true,female,cb_20021128_1220,false,,,false,,,,registered_only,historical_nickname_level_only,no_civil_identity_inference,"This index joins nickname-level evidence only. It does not infer civil identity, residence or private relationships."
melly_rj,MELLY_RJ,all_examples_valid,,true,female,cb_20021128_1218,false,,,false,,,,registered_only,historical_nickname_level_only,no_civil_identity_inference,"This index joins nickname-level evidence only. It does not infer civil identity, residence or private relationships."
melrecreio,MELrecreio,all_examples_valid,,true,female,cb_20021128_1219,false,,,false,,,,registered_only,historical_nickname_level_only,no_civil_identity_inference,"This index joins nickname-level evidence only. It does not infer civil identity, residence or private relationships."
menininha,Menininha,all_examples_valid,,true,female,cb_20021128_1221,false,,,false,,,,registered_only,historical_nickname_level_only,no_civil_identity_inference,"This index joins nickname-level evidence only. It does not infer civil identity, residence or private relationships."
menino_nikerecreio,Menino_NIkeRecreio,all_examples_valid,,true,male,cb_20021128_0654,false,,,false,,,,registered_only,historical_nickname_level_only,no_civil_identity_inference,"This index joins nickname-level evidence only. It does not infer civil identity, residence or private relationships."
menino_zs,MENINO Z.S,no_examples_valid,MENINO Z.S,true,male,cb_20021128_0653,false,,,false,,,,registered_only,historical_nickname_level_only,no_civil_identity_inference,"This index joins nickname-level evidence only. It does not infer civil identity, residence or private relationships."
mercenary,mercenary,all_examples_valid,,true,male,cb_20021128_0655,false,,,false,,,,registered_only,historical_nickname_level_only,no_civil_identity_inference,"This index joins nickname-level evidence only. It does not infer civil identity, residence or private relationships."
mergulhadorpadi,MergulhadorPADI,all_examples_valid,,true,male,cb_20021128_0656,false,,,false,,,,registered_only,historical_nickname_level_only,no_civil_identity_inference,"This index joins nickname-level evidence only. It does not infer civil identity, residence or private relationships."
meteoro,_METEORO_,all_examples_valid,,true,male,cb_20021128_0058,false,,,false,,,,registered_only,historical_nickname_level_only,no_civil_identity_inference,"This index joins nickname-level evidence only. It does not infer civil identity, residence or private relationships."
miau,MiaU,all_examples_valid,,true,male,cb_20021128_0657,false,,,false,,,,registered_only,historical_nickname_level_only,no_civil_identity_inference,"This index joins nickname-level evidence only. It does not infer civil identity, residence or private relationships."
michelle,Michelle,all_examples_valid,,true,female,cb_20021128_0957,false,,,false,,,,registered_only,historical_nickname_level_only,no_civil_identity_inference,"This index joins nickname-level evidence only. It does not infer civil identity, residence or private relationships."
mickey,Mickey_,all_examples_valid,,true,male,cb_20021128_0658,false,,,false,,,,registered_only,historical_nickname_level_only,no_civil_identity_inference,"This index joins nickname-level evidence only. It does not infer civil identity, residence or private relationships."
mickey_tijuca,Mickey_Tijuca,all_examples_valid,,true,male,cb_20021128_0659,false,,,false,,,,registered_only,historical_nickname_level_only,no_civil_identity_inference,"This index joins nickname-level evidence only. It does not infer civil identity, residence or private relationships."
mika,Mika,all_examples_valid,,true,female,cb_20021128_1222,false,,,false,,,,registered_only,historical_nickname_level_only,no_civil_identity_inference,"This index joins nickname-level evidence only. It does not infer civil identity, residence or private relationships."
milabarra,MiLaBaRrA,all_examples_valid,,true,female,cb_20021128_1223,false,,,false,,,,registered_only,historical_nickname_level_only,no_civil_identity_inference,"This index joins nickname-level evidence only. It does not infer civil identity, residence or private relationships."
milabarra_basf,MiLaBaRrA_BaSf,all_examples_valid,,true,female,cb_20021128_1224,false,,,false,,,,registered_only,historical_nickname_level_only,no_civil_identity_inference,"This index joins nickname-level evidence only. It does not infer civil identity, residence or private relationships."
milouca,Milouca,all_examples_valid,,true,female,cb_20021128_1225,false,,,false,,,,registered_only,historical_nickname_level_only,no_civil_identity_inference,"This index joins nickname-level evidence only. It does not infer civil identity, residence or private relationships."
mimi,Mimi,all_examples_valid,,true,female,cb_20021128_1226,false,,,false,,,,registered_only,historical_nickname_level_only,no_civil_identity_inference,"This index joins nickname-level evidence only. It does not infer civil identity, residence or private relationships."
mineirinha-rj,Mineirinha-RJ,all_examples_valid,,true,female,cb_20021128_1227,false,,,false,,,,registered_only,historical_nickname_level_only,no_civil_identity_inference,"This index joins nickname-level evidence only. It does not infer civil identity, residence or private relationships."
minimim-ilha,MINIMIM-ILHA,all_examples_valid,,true,female,cb_20021128_1228,false,,,false,,,,registered_only,historical_nickname_level_only,no_civil_identity_inference,"This index joins nickname-level evidence only. It does not infer civil identity, residence or private relationships."
minina_camy,minina_camy,all_examples_valid,,true,female,cb_20021128_1229,false,,,false,,,,registered_only,historical_nickname_level_only,no_civil_identity_inference,"This index joins nickname-level evidence only. It does not infer civil identity, residence or private relationships."
miseravaum-rj,Miseravaum-RJ,all_examples_valid,,true,male,cb_20021128_0660 | cb_20021128_0661,false,,,false,,,,registered_only,historical_nickname_level_only,no_civil_identity_inference,"This index joins nickname-level evidence only. It does not infer civil identity, residence or private relationships."
mister_magooo,Mister_Magooo,all_examples_valid,,true,male,cb_20021128_0662,false,,,false,,,,registered_only,historical_nickname_level_only,no_civil_identity_inference,"This index joins nickname-level evidence only. It does not infer civil identity, residence or private relationships."
misterbarra,MISTERBARRA,all_examples_valid,,true,male,cb_20021128_0663,false,,,false,,,,registered_only,historical_nickname_level_only,no_civil_identity_inference,"This index joins nickname-level evidence only. It does not infer civil identity, residence or private relationships."
mizinha_barra,MiZiNhA_BaRrA,all_examples_valid,,true,female,cb_20021128_1230,false,,,false,,,,registered_only,historical_nickname_level_only,no_civil_identity_inference,"This index joins nickname-level evidence only. It does not infer civil identity, residence or private relationships."
model,Model,all_examples_valid,,true,male,cb_20021128_0664,false,,,false,,,,registered_only,historical_nickname_level_only,no_civil_identity_inference,"This index joins nickname-level evidence only. It does not infer civil identity, residence or private relationships."
modelo_de_elite,MoDeLo_dE_eLiTe,all_examples_valid,,true,male,cb_20021128_0665,false,,,false,,,,registered_only,historical_nickname_level_only,no_civil_identity_inference,"This index joins nickname-level evidence only. It does not infer civil identity, residence or private relationships."
modelo_elite_h,modelo_elite_H,all_examples_valid,,true,male,cb_20021128_0666,false,,,false,,,,registered_only,historical_nickname_level_only,no_civil_identity_inference,"This index joins nickname-level evidence only. It does not infer civil identity, residence or private relationships."
modelo_rj_com_foto,Modelo_RJ_Com_FOTO,all_examples_valid,,true,male,cb_20021128_0667,false,,,false,,,,registered_only,historical_nickname_level_only,no_civil_identity_inference,"This index joins nickname-level evidence only. It does not infer civil identity, residence or private relationships."
moniqueee,Moniqueee,all_examples_valid,,true,female,cb_20021128_1231,false,,,false,,,,registered_only,historical_nickname_level_only,no_civil_identity_inference,"This index joins nickname-level evidence only. It does not infer civil identity, residence or private relationships."
moora,MooRa,all_examples_valid,,true,male,cb_20021128_0009,false,,,false,,,,registered_only,historical_nickname_level_only,no_civil_identity_inference,"This index joins nickname-level evidence only. It does not infer civil identity, residence or private relationships."
moranguinho-21,moranguinho-21,all_examples_valid,,true,female,cb_20021128_1232,false,,,false,,,,registered_only,historical_nickname_level_only,no_civil_identity_inference,"This index joins nickname-level evidence only. It does not infer civil identity, residence or private relationships."
morena,morena,all_examples_valid,,true,female,cb_20021128_1233,false,,,false,,,,registered_only,historical_nickname_level_only,no_civil_identity_inference,"This index joins nickname-level evidence only. It does not infer civil identity, residence or private relationships."
morena_da_tijuca,Morena da Tijuca,no_examples_valid,Morena da Tijuca,true,female,cb_20021128_1234,false,,,false,,,,registered_only,historical_nickname_level_only,no_civil_identity_inference,"This index joins nickname-level evidence only. It does not infer civil identity, residence or private relationships."
morenao_sarado,Morenao_sarado,all_examples_valid,,true,male,cb_20021128_0668,false,,,false,,,,registered_only,historical_nickname_level_only,no_civil_identity_inference,"This index joins nickname-level evidence only. It does not infer civil identity, residence or private relationships."
morenasarada,morenasarada,all_examples_valid,,true,female,cb_20021128_1235,false,,,false,,,,registered_only,historical_nickname_level_only,no_civil_identity_inference,"This index joins nickname-level evidence only. It does not infer civil identity, residence or private relationships."
morenashow,morenashow,all_examples_valid,,true,female,cb_20021128_1236,false,,,false,,,,registered_only,historical_nickname_level_only,no_civil_identity_inference,"This index joins nickname-level evidence only. It does not infer civil identity, residence or private relationships."
moreninhajpa17,Moreninhajpa17,all_examples_valid,,true,female,cb_20021128_1237,false,,,false,,,,registered_only,historical_nickname_level_only,no_civil_identity_inference,"This index joins nickname-level evidence only. It does not infer civil identity, residence or private relationships."
moreninho,Moreninho,all_examples_valid,,true,male,cb_20021128_0669 | cb_20021128_0670,false,,,false,,,,registered_only,historical_nickname_level_only,no_civil_identity_inference,"This index joins nickname-level evidence only. It does not infer civil identity, residence or private relationships."
moreno_do_surf,moreno do surf,no_examples_valid,moreno do surf,true,male,cb_20021128_0671,false,,,false,,,,registered_only,historical_nickname_level_only,no_civil_identity_inference,"This index joins nickname-level evidence only. It does not infer civil identity, residence or private relationships."
moreno_gostoso,moreno_gostoso,all_examples_valid,,true,male,cb_20021128_0672,false,,,false,,,,registered_only,historical_nickname_level_only,no_civil_identity_inference,"This index joins nickname-level evidence only. It does not infer civil identity, residence or private relationships."
moreno_zs,Moreno_ZS,all_examples_valid,,true,male,cb_20021128_0673,false,,,false,,,,registered_only,historical_nickname_level_only,no_civil_identity_inference,"This index joins nickname-level evidence only. It does not infer civil identity, residence or private relationships."
morenodorj,MorenodoRJ,all_examples_valid,,true,male,cb_20021128_0674,false,,,false,,,,registered_only,historical_nickname_level_only,no_civil_identity_inference,"This index joins nickname-level evidence only. It does not infer civil identity, residence or private relationships."
morenogato,morenoGATO,all_examples_valid,,true,male,cb_20021128_0675,false,,,false,,,,registered_only,historical_nickname_level_only,no_civil_identity_inference,"This index joins nickname-level evidence only. It does not infer civil identity, residence or private relationships."
morenosp23,morenosp23,all_examples_valid,,true,male,cb_20021128_0676,false,,,false,,,,registered_only,historical_nickname_level_only,no_civil_identity_inference,"This index joins nickname-level evidence only. It does not infer civil identity, residence or private relationships."
morgoth,Morgoth,all_examples_valid,,true,male,cb_20021128_0677,false,,,false,,,,registered_only,historical_nickname_level_only,no_civil_identity_inference,"This index joins nickname-level evidence only. It does not infer civil identity, residence or private relationships."
morietti,morietti,all_examples_valid,,true,male,cb_20021128_0678,false,,,false,,,,registered_only,historical_nickname_level_only,no_civil_identity_inference,"This index joins nickname-level evidence only. It does not infer civil identity, residence or private relationships."
mr_angelo,Mr_Angelo,all_examples_valid,,true,male,cb_20021128_0010,true,,cb_access_200012_005,false,,,,registered_operator,historical_nickname_level_only,no_civil_identity_inference,"This index joins nickname-level evidence only. It does not infer civil identity, residence or private relationships."
mulatosarado,MULATOSARADO,all_examples_valid,,true,male,cb_20021128_0679,false,,,false,,,,registered_only,historical_nickname_level_only,no_civil_identity_inference,"This index joins nickname-level evidence only. It does not infer civil identity, residence or private relationships."
mulder,Mulder,all_examples_valid,,true,male,cb_20021128_0680,false,,,false,,,,registered_only,historical_nickname_level_only,no_civil_identity_inference,"This index joins nickname-level evidence only. It does not infer civil identity, residence or private relationships."
muleka-copa,MULEKA-COPA,all_examples_valid,,true,female,cb_20021128_1238,false,,,false,,,,registered_only,historical_nickname_level_only,no_civil_identity_inference,"This index joins nickname-level evidence only. It does not infer civil identity, residence or private relationships."
muniz,Muniz,all_examples_valid,,true,male,cb_20021128_0681,false,,,false,,,,registered_only,historical_nickname_level_only,no_civil_identity_inference,"This index joins nickname-level evidence only. It does not infer civil identity, residence or private relationships."
musa_al,MUSA_AL,all_examples_valid,,true,female,cb_20021128_1239,false,,,false,,,,registered_only,historical_nickname_level_only,no_civil_identity_inference,"This index joins nickname-level evidence only. It does not infer civil identity, residence or private relationships."
musa_da_barra,Musa_da_Barra,all_examples_valid,,true,female,cb_20021128_1240,false,,,false,,,,registered_only,historical_nickname_level_only,no_civil_identity_inference,"This index joins nickname-level evidence only. It does not infer civil identity, residence or private relationships."
nanda_ba,nanda_ba,all_examples_valid,,true,female,cb_20021128_1241,false,,,false,,,,registered_only,historical_nickname_level_only,no_civil_identity_inference,"This index joins nickname-level evidence only. It does not infer civil identity, residence or private relationships."
nandinha,Nandinha,all_examples_valid,,true,female,cb_20021128_1242,false,,,false,,,,registered_only,historical_nickname_level_only,no_civil_identity_inference,"This index joins nickname-level evidence only. It does not infer civil identity, residence or private relationships."
nando-ipanema,NANDO-IPANEMA,all_examples_valid,,true,male,cb_20021128_0682,false,,,false,,,,registered_only,historical_nickname_level_only,no_civil_identity_inference,"This index joins nickname-level evidence only. It does not infer civil identity, residence or private relationships."
nandyhna21,nandyhna21,all_examples_valid,,true,female,cb_20021128_1243,false,,,false,,,,registered_only,historical_nickname_level_only,no_civil_identity_inference,"This index joins nickname-level evidence only. It does not infer civil identity, residence or private relationships."
nanimarijuana,NaniMarijuana,all_examples_valid,,true,female,cb_20021128_1244,false,,,false,,,,registered_only,historical_nickname_level_only,no_civil_identity_inference,"This index joins nickname-level evidence only. It does not infer civil identity, residence or private relationships."
naninha,Naninha,all_examples_valid,,true,female,cb_20021128_1245,false,,,false,,,,registered_only,historical_nickname_level_only,no_civil_identity_inference,"This index joins nickname-level evidence only. It does not infer civil identity, residence or private relationships."
nanynha,nanynha,all_examples_valid,,true,female,cb_20021128_1246,false,,,false,,,,registered_only,historical_nickname_level_only,no_civil_identity_inference,"This index joins nickname-level evidence only. It does not infer civil identity, residence or private relationships."
nao_vote_em_mim,nao vote em mim,no_examples_valid,nao vote em mim,true,male,cb_20021128_0683,false,,,false,,,,registered_only,historical_nickname_level_only,no_civil_identity_inference,"This index joins nickname-level evidence only. It does not infer civil identity, residence or private relationships."
narbru,NarBru,all_examples_valid,,true,female,cb_20021128_1247,false,,,false,,,,registered_only,historical_nickname_level_only,no_civil_identity_inference,"This index joins nickname-level evidence only. It does not infer civil identity, residence or private relationships."
natalia-15,natalia-15,all_examples_valid,,true,female,cb_20021128_1248,false,,,false,,,,registered_only,historical_nickname_level_only,no_civil_identity_inference,"This index joins nickname-level evidence only. It does not infer civil identity, residence or private relationships."
natasha,Natasha,all_examples_valid,,true,female,cb_20021128_1249,false,,,false,,,,registered_only,historical_nickname_level_only,no_civil_identity_inference,"This index joins nickname-level evidence only. It does not infer civil identity, residence or private relationships."
nathalia_gaucha,NATHALIA_GAUCHA,all_examples_valid,,false,,,true,,cb_access_200012_002,false,,,,operator_only,historical_nickname_level_only,no_civil_identity_inference,"This index joins nickname-level evidence only. It does not infer civil identity, residence or private relationships."
nathalinha,nathalinha_,all_examples_valid,,true,female,cb_20021128_1250,false,,,false,,,,registered_only,historical_nickname_level_only,no_civil_identity_inference,"This index joins nickname-level evidence only. It does not infer civil identity, residence or private relationships."
nativo-do-rio,Nativo-do-RIO,all_examples_valid,,true,male,cb_20021128_0684,false,,,false,,,,registered_only,historical_nickname_level_only,no_civil_identity_inference,"This index joins nickname-level evidence only. It does not infer civil identity, residence or private relationships."
nay_baiana_rj,Nay_Baiana_RJ,all_examples_valid,,true,female,cb_20021128_1251,false,,,false,,,,registered_only,historical_nickname_level_only,no_civil_identity_inference,"This index joins nickname-level evidence only. It does not infer civil identity, residence or private relationships."
negaum,NEGAUM,all_examples_valid,,true,male,cb_20021128_0011,true,,cb_access_200012_003,true,cb_reveillon_2000_2001_post_reveillon,Canal Barra Reveillon 2000-2001 / post-Reveillon gathering,data/raw/ircontros/reveillon-2000-2001-post-reveillon.csv,registered_operator_present_in_ircontro,historical_nickname_level_only,no_civil_identity_inference,"This index joins nickname-level evidence only. It does not infer civil identity, residence or private relationships."
negro_jpa_rj,Negro_JPA_RJ,all_examples_valid,,true,male,cb_20021128_0685,false,,,false,,,,registered_only,historical_nickname_level_only,no_civil_identity_inference,"This index joins nickname-level evidence only. It does not infer civil identity, residence or private relationships."
nelson_rubens,Nelson_Rubens,all_examples_valid,,true,male,cb_20021128_0686,false,,,false,,,,registered_only,historical_nickname_level_only,no_civil_identity_inference,"This index joins nickname-level evidence only. It does not infer civil identity, residence or private relationships."
neskauzinho,NeSkAuZiNhO,all_examples_valid,,true,male,cb_20021128_0687,false,,,false,,,,registered_only,historical_nickname_level_only,no_civil_identity_inference,"This index joins nickname-level evidence only. It does not infer civil identity, residence or private relationships."
nessinha,Nessinha,all_examples_valid,,true,female,cb_20021128_1252,false,,,false,,,,registered_only,historical_nickname_level_only,no_civil_identity_inference,"This index joins nickname-level evidence only. It does not infer civil identity, residence or private relationships."
neurotick_boy,neurotick_boy,all_examples_valid,,true,female,cb_20021128_1253,false,,,false,,,,registered_only,historical_nickname_level_only,no_civil_identity_inference,"This index joins nickname-level evidence only. It does not infer civil identity, residence or private relationships."
nicky1,Nicky1,all_examples_valid,,true,male,cb_20021128_0688,false,,,false,,,,registered_only,historical_nickname_level_only,no_civil_identity_inference,"This index joins nickname-level evidence only. It does not infer civil identity, residence or private relationships."
niggaz_gangsta_lost,NiGgAz_gAnGsTa_LoSt,all_examples_valid,,true,male,cb_20021128_0689,false,,,false,,,,registered_only,historical_nickname_level_only,no_civil_identity_inference,"This index joins nickname-level evidence only. It does not infer civil identity, residence or private relationships."
night_angels_e_night_26,Night_Angels e Night_26,no_examples_valid,Night_Angels e Night_26,true,male,cb_20021128_0690,false,,,false,,,,registered_only,historical_nickname_level_only,no_civil_identity_inference,"This index joins nickname-level evidence only. It does not infer civil identity, residence or private relationships."
niki,niki,all_examples_valid,,true,male,cb_20021128_0691,false,,,false,,,,registered_only,historical_nickname_level_only,no_civil_identity_inference,"This index joins nickname-level evidence only. It does not infer civil identity, residence or private relationships."
nikikole_fashion_gda,NiKiKoLe_FaShIoN_GDA,all_examples_valid,,true,female,cb_20021128_1254,false,,,false,,,,registered_only,historical_nickname_level_only,no_civil_identity_inference,"This index joins nickname-level evidence only. It does not infer civil identity, residence or private relationships."
nilo_alves,Nilo_Alves,all_examples_valid,,true,male,cb_20021128_0692,false,,,false,,,,registered_only,historical_nickname_level_only,no_civil_identity_inference,"This index joins nickname-level evidence only. It does not infer civil identity, residence or private relationships."
nina,Nina,all_examples_valid,,true,female,cb_20021128_1255,false,,,false,,,,registered_only,historical_nickname_level_only,no_civil_identity_inference,"This index joins nickname-level evidence only. It does not infer civil identity, residence or private relationships."
nina_fisioterapeuta,_NiNa_FiSioTeRaPeuTa,all_examples_valid,,true,female,cb_20021128_0986,false,,,false,,,,registered_only,historical_nickname_level_only,no_civil_identity_inference,"This index joins nickname-level evidence only. It does not infer civil identity, residence or private relationships."
nissei,NiSsEi,all_examples_valid,,true,male,cb_20021128_0693,false,,,false,,,,registered_only,historical_nickname_level_only,no_civil_identity_inference,"This index joins nickname-level evidence only. It does not infer civil identity, residence or private relationships."
noivinhorj,nOIvinho/RJ,no_examples_valid,nOIvinho/RJ,true,male,cb_20021128_0694,false,,,false,,,,registered_only,historical_nickname_level_only,no_civil_identity_inference,"This index joins nickname-level evidence only. It does not infer civil identity, residence or private relationships."
nops,nops,all_examples_valid,,true,female,cb_20021128_0958,false,,,false,,,,registered_only,historical_nickname_level_only,no_civil_identity_inference,"This index joins nickname-level evidence only. It does not infer civil identity, residence or private relationships."
noturno,Noturno,all_examples_valid,,true,male,cb_20021128_0695,false,,,false,,,,registered_only,historical_nickname_level_only,no_civil_identity_inference,"This index joins nickname-level evidence only. It does not infer civil identity, residence or private relationships."
novo-leblon,Novo-Leblon,all_examples_valid,,true,male,cb_20021128_0696,false,,,false,,,,registered_only,historical_nickname_level_only,no_civil_identity_inference,"This index joins nickname-level evidence only. It does not infer civil identity, residence or private relationships."
nylon_gop,NYLON_GOP,all_examples_valid,,true,male,cb_20021128_0697,false,,,false,,,,registered_only,historical_nickname_level_only,no_civil_identity_inference,"This index joins nickname-level evidence only. It does not infer civil identity, residence or private relationships."
o_bruxo_rj,O_BRuXo_RJ,all_examples_valid,,true,male,cb_20021128_0698,false,,,false,,,,registered_only,historical_nickname_level_only,no_civil_identity_inference,"This index joins nickname-level evidence only. It does not infer civil identity, residence or private relationships."
o_cara,O_Cara,all_examples_valid,,true,male,cb_20021128_0699,false,,,false,,,,registered_only,historical_nickname_level_only,no_civil_identity_inference,"This index joins nickname-level evidence only. It does not infer civil identity, residence or private relationships."
o_conquistador,O_conquistador,all_examples_valid,,true,male,cb_20021128_0700,false,,,false,,,,registered_only,historical_nickname_level_only,no_civil_identity_inference,"This index joins nickname-level evidence only. It does not infer civil identity, residence or private relationships."
o_jogador,o_jogador,all_examples_valid,,true,male,cb_20021128_0701,false,,,false,,,,registered_only,historical_nickname_level_only,no_civil_identity_inference,"This index joins nickname-level evidence only. It does not infer civil identity, residence or private relationships."
o_jornalista_22,O_Jornalista_22,all_examples_valid,,true,male,cb_20021128_0702,false,,,false,,,,registered_only,historical_nickname_level_only,no_civil_identity_inference,"This index joins nickname-level evidence only. It does not infer civil identity, residence or private relationships."
o_mais_feio,o_mais_feio,all_examples_valid,,true,male,cb_20021128_0703,false,,,false,,,,registered_only,historical_nickname_level_only,no_civil_identity_inference,"This index joins nickname-level evidence only. It does not infer civil identity, residence or private relationships."
o_mais_gato_de_todos,O_MaIs_GaTo_De_ToDos,all_examples_valid,,true,male,cb_20021128_0704,false,,,false,,,,registered_only,historical_nickname_level_only,no_civil_identity_inference,"This index joins nickname-level evidence only. It does not infer civil identity, residence or private relationships."
o_shupiskaum,O_SHuPiSkAuM,all_examples_valid,,true,male,cb_20021128_0705,false,,,false,,,,registered_only,historical_nickname_level_only,no_civil_identity_inference,"This index joins nickname-level evidence only. It does not infer civil identity, residence or private relationships."
odin,odin,all_examples_valid,,true,male,cb_20021128_0706,false,,,false,,,,registered_only,historical_nickname_level_only,no_civil_identity_inference,"This index joins nickname-level evidence only. It does not infer civil identity, residence or private relationships."
offspring,offspring,all_examples_valid,,true,male,cb_20021128_0707 | cb_20021128_0708,false,,,false,,,,registered_only,historical_nickname_level_only,no_civil_identity_inference,"This index joins nickname-level evidence only. It does not infer civil identity, residence or private relationships."
oroncobarulhento,ORONCOBARULHENTO,all_examples_valid,,true,male,cb_20021128_0709,false,,,false,,,,registered_only,historical_nickname_level_only,no_civil_identity_inference,"This index joins nickname-level evidence only. It does not infer civil identity, residence or private relationships."
os_sarados,os_SARADOS,all_examples_valid,,true,male,cb_20021128_0711,false,,,false,,,,registered_only,historical_nickname_level_only,no_civil_identity_inference,"This index joins nickname-level evidence only. It does not infer civil identity, residence or private relationships."
os_tres_mosqueteiros,Os Três Mosqueteiros,no_examples_valid,Os Três Mosqueteiros,true,male,cb_20021128_0710,false,,,false,,,,registered_only,historical_nickname_level_only,no_civil_identity_inference,"This index joins nickname-level evidence only. It does not infer civil identity, residence or private relationships."
osama,Osama,all_examples_valid,,true,male,cb_20021128_0712,false,,,false,,,,registered_only,historical_nickname_level_only,no_civil_identity_inference,"This index joins nickname-level evidence only. It does not infer civil identity, residence or private relationships."
osklen,Osklen | _OskleN_,all_examples_valid,,true,male,cb_20021128_0059 | cb_20021128_0713,false,,,false,,,,registered_only,historical_nickname_level_only,no_civil_identity_inference,"This index joins nickname-level evidence only. It does not infer civil identity, residence or private relationships."
osklen_19,Osklen_19,all_examples_valid,,true,male,cb_20021128_0714,false,,,false,,,,registered_only,historical_nickname_level_only,no_civil_identity_inference,"This index joins nickname-level evidence only. It does not infer civil identity, residence or private relationships."
osklen_rio,OsKlEn_rio,all_examples_valid,,true,male,cb_20021128_0715,false,,,false,,,,registered_only,historical_nickname_level_only,no_civil_identity_inference,"This index joins nickname-level evidence only. It does not infer civil identity, residence or private relationships."
p4ncado,P4ncado,all_examples_valid,,true,male,cb_20021128_0716,false,,,false,,,,registered_only,historical_nickname_level_only,no_civil_identity_inference,"This index joins nickname-level evidence only. It does not infer civil identity, residence or private relationships."
pablo_barra_23,Pablo_Barra_23,all_examples_valid,,true,male,cb_20021128_0717,false,,,false,,,,registered_only,historical_nickname_level_only,no_civil_identity_inference,"This index joins nickname-level evidence only. It does not infer civil identity, residence or private relationships."
pamplona,pamplona,all_examples_valid,,true,male,cb_20021128_0718,false,,,false,,,,registered_only,historical_nickname_level_only,no_civil_identity_inference,"This index joins nickname-level evidence only. It does not infer civil identity, residence or private relationships."
patinha3000,Patinha3000,all_examples_valid,,true,female,cb_20021128_1256,false,,,false,,,,registered_only,historical_nickname_level_only,no_civil_identity_inference,"This index joins nickname-level evidence only. It does not infer civil identity, residence or private relationships."
patinho_vp,Patinho_vp,all_examples_valid,,true,male,cb_20021128_0719,false,,,false,,,,registered_only,historical_nickname_level_only,no_civil_identity_inference,"This index joins nickname-level evidence only. It does not infer civil identity, residence or private relationships."
patraozinhu,PaTrAoZiNhU,all_examples_valid,,true,male,cb_20021128_0720,false,,,false,,,,registered_only,historical_nickname_level_only,no_civil_identity_inference,"This index joins nickname-level evidence only. It does not infer civil identity, residence or private relationships."
patricinha_da_barra,patricinha_da barra_,no_examples_valid,patricinha_da barra_,true,female,cb_20021128_1257,false,,,false,,,,registered_only,historical_nickname_level_only,no_civil_identity_inference,"This index joins nickname-level evidence only. It does not infer civil identity, residence or private relationships."
paty_19_ucam,Paty_19_UCAM,all_examples_valid,,true,female,cb_20021128_1258,false,,,false,,,,registered_only,historical_nickname_level_only,no_civil_identity_inference,"This index joins nickname-level evidence only. It does not infer civil identity, residence or private relationships."
paty_indecisa_demais,Paty_Indecisa_demais,all_examples_valid,,true,female,cb_20021128_1259,false,,,false,,,,registered_only,historical_nickname_level_only,no_civil_identity_inference,"This index joins nickname-level evidence only. It does not infer civil identity, residence or private relationships."
paty_webber,Paty_Webber,all_examples_valid,,true,female,cb_20021128_1260,false,,,false,,,,registered_only,historical_nickname_level_only,no_civil_identity_inference,"This index joins nickname-level evidence only. It does not infer civil identity, residence or private relationships."
paula_barbie,PAULA BARBIE,no_examples_valid,PAULA BARBIE,true,female,cb_20021128_1261,false,,,false,,,,registered_only,historical_nickname_level_only,no_civil_identity_inference,"This index joins nickname-level evidence only. It does not infer civil identity, residence or private relationships."
paula_meier_26,Paula_Meier_26,all_examples_valid,,true,female,cb_20021128_1262,false,,,false,,,,registered_only,historical_nickname_level_only,no_civil_identity_inference,"This index joins nickname-level evidence only. It does not infer civil identity, residence or private relationships."
pauleka_26,pAuLeKa_26,all_examples_valid,,true,female,cb_20021128_1263,false,,,false,,,,registered_only,historical_nickname_level_only,no_civil_identity_inference,"This index joins nickname-level evidence only. It does not infer civil identity, residence or private relationships."
paulinha_baba_baby,Paulinha_Baba_Baby,all_examples_valid,,true,female,cb_20021128_1264,false,,,false,,,,registered_only,historical_nickname_level_only,no_civil_identity_inference,"This index joins nickname-level evidence only. It does not infer civil identity, residence or private relationships."
paulinha_bgc,PauLiNhA_BgC | paulinha_bgc,all_examples_valid,,true,female,cb_20021128_1265 | cb_20021128_1266,false,,,false,,,,registered_only,historical_nickname_level_only,no_civil_identity_inference,"This index joins nickname-level evidence only. It does not infer civil identity, residence or private relationships."
paulinhagg,PaulinhaGG,all_examples_valid,,true,female,cb_20021128_1267,false,,,false,,,,registered_only,historical_nickname_level_only,no_civil_identity_inference,"This index joins nickname-level evidence only. It does not infer civil identity, residence or private relationships."
paulinhagump^^,**PaulinhaGump^^,no_examples_valid,**PaulinhaGump^^,true,female,cb_20021128_0969,false,,,false,,,,registered_only,historical_nickname_level_only,no_civil_identity_inference,"This index joins nickname-level evidence only. It does not infer civil identity, residence or private relationships."
paulista,paulista,all_examples_valid,,true,male,cb_20021128_0721,false,,,false,,,,registered_only,historical_nickname_level_only,no_civil_identity_inference,"This index joins nickname-level evidence only. It does not infer civil identity, residence or private relationships."
pcunha,_PcunhA_,all_examples_valid,,true,male,cb_20021128_0060,false,,,false,,,,registered_only,historical_nickname_level_only,no_civil_identity_inference,"This index joins nickname-level evidence only. It does not infer civil identity, residence or private relationships."
pedrinhosagaz,PedrinhoSagaZ,all_examples_valid,,true,male,cb_20021128_0722,false,,,false,,,,registered_only,historical_nickname_level_only,no_civil_identity_inference,"This index joins nickname-level evidence only. It does not infer civil identity, residence or private relationships."
pedro,Pedro,all_examples_valid,,true,male,cb_20021128_0723,false,,,false,,,,registered_only,historical_nickname_level_only,no_civil_identity_inference,"This index joins nickname-level evidence only. It does not infer civil identity, residence or private relationships."
pedro_henrick,Pedro_henrick,all_examples_valid,,true,male,cb_20021128_0724,false,,,false,,,,registered_only,historical_nickname_level_only,no_civil_identity_inference,"This index joins nickname-level evidence only. It does not infer civil identity, residence or private relationships."
pedro_henrike,Pedro_henrike,all_examples_valid,,true,male,cb_20021128_0725,false,,,false,,,,registered_only,historical_nickname_level_only,no_civil_identity_inference,"This index joins nickname-level evidence only. It does not infer civil identity, residence or private relationships."
pedrorio,PedroRio,all_examples_valid,,true,male,cb_20021128_0020,false,,,false,,,,registered_only,historical_nickname_level_only,no_civil_identity_inference,"This index joins nickname-level evidence only. It does not infer civil identity, residence or private relationships."
peixe_gdp,PeIxE_GdP,all_examples_valid,,true,male,cb_20021128_0726,false,,,false,,,,registered_only,historical_nickname_level_only,no_civil_identity_inference,"This index joins nickname-level evidence only. It does not infer civil identity, residence or private relationships."
pekena^garota,PeKeNa^GaRoTa,all_examples_valid,,true,female,cb_20021128_1268,false,,,false,,,,registered_only,historical_nickname_level_only,no_civil_identity_inference,"This index joins nickname-level evidence only. It does not infer civil identity, residence or private relationships."
pekenina_menina,_Pekenina_Menina_,all_examples_valid,,true,female,cb_20021128_0987,false,,,false,,,,registered_only,historical_nickname_level_only,no_civil_identity_inference,"This index joins nickname-level evidence only. It does not infer civil identity, residence or private relationships."
penelope-tijuca,Penelope-Tijuca,all_examples_valid,,true,female,cb_20021128_1269,false,,,false,,,,registered_only,historical_nickname_level_only,no_civil_identity_inference,"This index joins nickname-level evidence only. It does not infer civil identity, residence or private relationships."
penetra,PENETRA,all_examples_valid,,true,male,cb_20021128_0727,false,,,false,,,,registered_only,historical_nickname_level_only,no_civil_identity_inference,"This index joins nickname-level evidence only. It does not infer civil identity, residence or private relationships."
pepe--,PePe--,all_examples_valid,,true,male,cb_20021128_0728,false,,,false,,,,registered_only,historical_nickname_level_only,no_civil_identity_inference,"This index joins nickname-level evidence only. It does not infer civil identity, residence or private relationships."
perfuratriz,PERFURATRIZ,all_examples_valid,,true,male,cb_20021128_0729,false,,,false,,,,registered_only,historical_nickname_level_only,no_civil_identity_inference,"This index joins nickname-level evidence only. It does not infer civil identity, residence or private relationships."
pernalona_rj,PernalonA_rj,all_examples_valid,,true,male,cb_20021128_0730,false,,,false,,,,registered_only,historical_nickname_level_only,no_civil_identity_inference,"This index joins nickname-level evidence only. It does not infer civil identity, residence or private relationships."
peron-rj23,__PERON-RJ23,all_examples_valid,,true,male,cb_20021128_0047,false,,,false,,,,registered_only,historical_nickname_level_only,no_civil_identity_inference,"This index joins nickname-level evidence only. It does not infer civil identity, residence or private relationships."
petersondurst,Petersondurst,all_examples_valid,,true,male,cb_20021128_0731,false,,,false,,,,registered_only,historical_nickname_level_only,no_civil_identity_inference,"This index joins nickname-level evidence only. It does not infer civil identity, residence or private relationships."
peu-ba,PÊU-BA,no_examples_valid,PÊU-BA,true,male,cb_20021128_0732,false,,,false,,,,registered_only,historical_nickname_level_only,no_civil_identity_inference,"This index joins nickname-level evidence only. It does not infer civil identity, residence or private relationships."
pexe,Pexe,all_examples_valid,,true,male,cb_20021128_0733,false,,,false,,,,registered_only,historical_nickname_level_only,no_civil_identity_inference,"This index joins nickname-level evidence only. It does not infer civil identity, residence or private relationships."
pilar,_Pilar_,all_examples_valid,,false,,,true,,cb_access_200012_004,false,,,,operator_only,historical_nickname_level_only,no_civil_identity_inference,"This index joins nickname-level evidence only. It does not infer civil identity, residence or private relationships."
piloto,Piloto,all_examples_valid,,true,male,cb_20021128_0734,false,,,false,,,,registered_only,historical_nickname_level_only,no_civil_identity_inference,"This index joins nickname-level evidence only. It does not infer civil identity, residence or private relationships."
piloto_23,Piloto_23,all_examples_valid,,true,male,cb_20021128_0736,false,,,false,,,,registered_only,historical_nickname_level_only,no_civil_identity_inference,"This index joins nickname-level evidence only. It does not infer civil identity, residence or private relationships."
piloto_de_ondas,piloto de ondas,no_examples_valid,piloto de ondas,true,male,cb_20021128_0735,false,,,false,,,,registered_only,historical_nickname_level_only,no_civil_identity_inference,"This index joins nickname-level evidence only. It does not infer civil identity, residence or private relationships."
pinguim_e_batatinha,Pinguim e Batatinha,no_examples_valid,Pinguim e Batatinha,true,female,cb_20021128_1270,false,,,false,,,,registered_only,historical_nickname_level_only,no_civil_identity_inference,"This index joins nickname-level evidence only. It does not infer civil identity, residence or private relationships."
pinoquio,PiNoQuiO,all_examples_valid,,true,male,cb_20021128_0737,false,,,false,,,,registered_only,historical_nickname_level_only,no_civil_identity_inference,"This index joins nickname-level evidence only. It does not infer civil identity, residence or private relationships."
pit_bull,PIT BULL,no_examples_valid,PIT BULL,true,male,cb_20021128_0738,false,,,false,,,,registered_only,historical_nickname_level_only,no_civil_identity_inference,"This index joins nickname-level evidence only. It does not infer civil identity, residence or private relationships."
piteco-rj,Piteco-RJ,all_examples_valid,,true,male,cb_20021128_0739,false,,,false,,,,registered_only,historical_nickname_level_only,no_civil_identity_inference,"This index joins nickname-level evidence only. It does not infer civil identity, residence or private relationships."
pithuquinho,Pithuquinho,all_examples_valid,,true,male,cb_20021128_0740,false,,,false,,,,registered_only,historical_nickname_level_only,no_civil_identity_inference,"This index joins nickname-level evidence only. It does not infer civil identity, residence or private relationships."
pity_a_totosa,Pity_a_totosa,all_examples_valid,,true,female,cb_20021128_1271,false,,,false,,,,registered_only,historical_nickname_level_only,no_civil_identity_inference,"This index joins nickname-level evidence only. It does not infer civil identity, residence or private relationships."
pityzinha,Pityzinha,all_examples_valid,,true,female,cb_20021128_1272,false,,,false,,,,registered_only,historical_nickname_level_only,no_civil_identity_inference,"This index joins nickname-level evidence only. It does not infer civil identity, residence or private relationships."
plak,_PLAK_,all_examples_valid,,true,male,cb_20021128_0061,false,,,false,,,,registered_only,historical_nickname_level_only,no_civil_identity_inference,"This index joins nickname-level evidence only. It does not infer civil identity, residence or private relationships."
playboy_barra,Playboy_barra,all_examples_valid,,true,male,cb_20021128_0741,false,,,false,,,,registered_only,historical_nickname_level_only,no_civil_identity_inference,"This index joins nickname-level evidence only. It does not infer civil identity, residence or private relationships."
playerz_usa,PLayerZ_USA,all_examples_valid,,true,male,cb_20021128_0742,false,,,false,,,,registered_only,historical_nickname_level_only,no_civil_identity_inference,"This index joins nickname-level evidence only. It does not infer civil identity, residence or private relationships."
pluck_recreio,Pluck_Recreio,all_examples_valid,,true,male,cb_20021128_0743,false,,,false,,,,registered_only,historical_nickname_level_only,no_civil_identity_inference,"This index joins nickname-level evidence only. It does not infer civil identity, residence or private relationships."
pluft-rj,Pluft-RJ,all_examples_valid,,true,female,cb_20021128_1274,false,,,false,,,,registered_only,historical_nickname_level_only,no_civil_identity_inference,"This index joins nickname-level evidence only. It does not infer civil identity, residence or private relationships."
pluft_rj,pluft RJ,no_examples_valid,pluft RJ,true,female,cb_20021128_1273,false,,,false,,,,registered_only,historical_nickname_level_only,no_civil_identity_inference,"This index joins nickname-level evidence only. It does not infer civil identity, residence or private relationships."
poim,Poim,all_examples_valid,,true,male,cb_20021128_0744,false,,,false,,,,registered_only,historical_nickname_level_only,no_civil_identity_inference,"This index joins nickname-level evidence only. It does not infer civil identity, residence or private relationships."
polo__recreio,Polo_ recreio,no_examples_valid,Polo_ recreio,true,male,cb_20021128_0745,false,,,false,,,,registered_only,historical_nickname_level_only,no_civil_identity_inference,"This index joins nickname-level evidence only. It does not infer civil identity, residence or private relationships."
pomponete,pomponete,all_examples_valid,,true,female,cb_20021128_1275,false,,,false,,,,registered_only,historical_nickname_level_only,no_civil_identity_inference,"This index joins nickname-level evidence only. It does not infer civil identity, residence or private relationships."
posso_ser_sua_anja,Posso_Ser_Sua_Anja?,no_examples_valid,Posso_Ser_Sua_Anja?,true,female,cb_20021128_1276,false,,,false,,,,registered_only,historical_nickname_level_only,no_civil_identity_inference,"This index joins nickname-level evidence only. It does not infer civil identity, residence or private relationships."
prebeu-sem-princesa,prebeu-sem-princesa,all_examples_valid,,true,male,cb_20021128_0746,false,,,false,,,,registered_only,historical_nickname_level_only,no_civil_identity_inference,"This index joins nickname-level evidence only. It does not infer civil identity, residence or private relationships."
prettywoman,prettywoman,all_examples_valid,,true,female,cb_20021128_1277,false,,,false,,,,registered_only,historical_nickname_level_only,no_civil_identity_inference,"This index joins nickname-level evidence only. It does not infer civil identity, residence or private relationships."
prika_barra,Prika_barra,all_examples_valid,,true,female,cb_20021128_1278,false,,,false,,,,registered_only,historical_nickname_level_only,no_civil_identity_inference,"This index joins nickname-level evidence only. It does not infer civil identity, residence or private relationships."
priminha-bodyboard,PrImInHa-BoDyBoArD,all_examples_valid,,true,female,cb_20021128_1279,false,,,false,,,,registered_only,historical_nickname_level_only,no_civil_identity_inference,"This index joins nickname-level evidence only. It does not infer civil identity, residence or private relationships."
priminhas-bodyboard,PrImInHaS-BoDyBoArD,all_examples_valid,,true,female,cb_20021128_1280,false,,,false,,,,registered_only,historical_nickname_level_only,no_civil_identity_inference,"This index joins nickname-level evidence only. It does not infer civil identity, residence or private relationships."
princesa,Princesa,all_examples_valid,,true,female,cb_20021128_1281,false,,,false,,,,registered_only,historical_nickname_level_only,no_civil_identity_inference,"This index joins nickname-level evidence only. It does not infer civil identity, residence or private relationships."
princesinha,_princesinha_,all_examples_valid,,true,female,cb_20021128_0988,false,,,false,,,,registered_only,historical_nickname_level_only,no_civil_identity_inference,"This index joins nickname-level evidence only. It does not infer civil identity, residence or private relationships."
pris-barra,Pris-Barra,all_examples_valid,,true,female,cb_20021128_1283,false,,,false,,,,registered_only,historical_nickname_level_only,no_civil_identity_inference,"This index joins nickname-level evidence only. It does not infer civil identity, residence or private relationships."
pris_do_marcos,Pris_Do_Marcos,all_examples_valid,,true,female,cb_20021128_1282,false,,,false,,,,registered_only,historical_nickname_level_only,no_civil_identity_inference,"This index joins nickname-level evidence only. It does not infer civil identity, residence or private relationships."
prisca,Prisca,all_examples_valid,,true,female,cb_20021128_1284,false,,,false,,,,registered_only,historical_nickname_level_only,no_civil_identity_inference,"This index joins nickname-level evidence only. It does not infer civil identity, residence or private relationships."
priscillinha-rj,Priscillinha-Rj,all_examples_valid,,true,female,cb_20021128_1285,false,,,false,,,,registered_only,historical_nickname_level_only,no_civil_identity_inference,"This index joins nickname-level evidence only. It does not infer civil identity, residence or private relationships."
professorinha,Professorinha,all_examples_valid,,true,female,cb_20021128_1286,false,,,false,,,,registered_only,historical_nickname_level_only,no_civil_identity_inference,"This index joins nickname-level evidence only. It does not infer civil identity, residence or private relationships."
prostt-f-1,Prostt-F-1,all_examples_valid,,true,male,cb_20021128_0747,false,,,false,,,,registered_only,historical_nickname_level_only,no_civil_identity_inference,"This index joins nickname-level evidence only. It does not infer civil identity, residence or private relationships."
punkrocksurfer,Punkrocksurfer,all_examples_valid,,true,male,cb_20021128_0748,false,,,false,,,,registered_only,historical_nickname_level_only,no_civil_identity_inference,"This index joins nickname-level evidence only. It does not infer civil identity, residence or private relationships."
puppetz,Puppetz,all_examples_valid,,true,male,cb_20021128_0749,false,,,false,,,,registered_only,historical_nickname_level_only,no_civil_identity_inference,"This index joins nickname-level evidence only. It does not infer civil identity, residence or private relationships."
putinha,Putinha,all_examples_valid,,true,female,cb_20021128_1287,false,,,false,,,,registered_only,historical_nickname_level_only,no_civil_identity_inference,"This index joins nickname-level evidence only. It does not infer civil identity, residence or private relationships."
puxum,Puxum,all_examples_valid,,true,male,cb_20021128_0750,false,,,false,,,,registered_only,historical_nickname_level_only,no_civil_identity_inference,"This index joins nickname-level evidence only. It does not infer civil identity, residence or private relationships."
quick_silver,QUICK_SILVER,all_examples_valid,,true,male,cb_20021128_0751,false,,,false,,,,registered_only,historical_nickname_level_only,no_civil_identity_inference,"This index joins nickname-level evidence only. It does not infer civil identity, residence or private relationships."
quiksilver_57321,Quiksilver_57321,all_examples_valid,,true,male,cb_20021128_0752,false,,,false,,,,registered_only,historical_nickname_level_only,no_civil_identity_inference,"This index joins nickname-level evidence only. It does not infer civil identity, residence or private relationships."
r_edley,R_edley,all_examples_valid,,true,male,cb_20021128_0753,false,,,false,,,,registered_only,historical_nickname_level_only,no_civil_identity_inference,"This index joins nickname-level evidence only. It does not infer civil identity, residence or private relationships."
race-vp,Race-VP,all_examples_valid,,true,male,cb_20021128_0754,false,,,false,,,,registered_only,historical_nickname_level_only,no_civil_identity_inference,"This index joins nickname-level evidence only. It does not infer civil identity, residence or private relationships."
rafa,Rafa | rafa,all_examples_valid,,true,male,cb_20021128_0755 | cb_20021128_0756,false,,,false,,,,registered_only,historical_nickname_level_only,no_civil_identity_inference,"This index joins nickname-level evidence only. It does not infer civil identity, residence or private relationships."
rafa_recreio,Rafa_Recreio,all_examples_valid,,true,male,cb_20021128_0757,false,,,false,,,,registered_only,historical_nickname_level_only,no_civil_identity_inference,"This index joins nickname-level evidence only. It does not infer civil identity, residence or private relationships."
rafael2002,RAFAEL2002,all_examples_valid,,true,male,cb_20021128_0761,false,,,false,,,,registered_only,historical_nickname_level_only,no_civil_identity_inference,"This index joins nickname-level evidence only. It does not infer civil identity, residence or private relationships."
rafael__rj,Rafael__RJ,all_examples_valid,,true,male,cb_20021128_0759,false,,,false,,,,registered_only,historical_nickname_level_only,no_civil_identity_inference,"This index joins nickname-level evidence only. It does not infer civil identity, residence or private relationships."
rafael_sobral,Rafael Sobral...,no_examples_valid,Rafael Sobral...,true,male,cb_20021128_0758,false,,,false,,,,registered_only,historical_nickname_level_only,no_civil_identity_inference,"This index joins nickname-level evidence only. It does not infer civil identity, residence or private relationships."
rafael_verol,Rafael_Verol,all_examples_valid,,true,male,cb_20021128_0760,false,,,false,,,,registered_only,historical_nickname_level_only,no_civil_identity_inference,"This index joins nickname-level evidence only. It does not infer civil identity, residence or private relationships."
rafaela_rio,Rafaela_Rio,all_examples_valid,,true,female,cb_20021128_1288,false,,,false,,,,registered_only,historical_nickname_level_only,no_civil_identity_inference,"This index joins nickname-level evidence only. It does not infer civil identity, residence or private relationships."
rafex,RaFeX,all_examples_valid,,true,male,cb_20021128_0762,false,,,false,,,,registered_only,historical_nickname_level_only,no_civil_identity_inference,"This index joins nickname-level evidence only. It does not infer civil identity, residence or private relationships."
raffaell,rAffAeLL,all_examples_valid,,true,male,cb_20021128_0763,false,,,false,,,,registered_only,historical_nickname_level_only,no_civil_identity_inference,"This index joins nickname-level evidence only. It does not infer civil identity, residence or private relationships."
rafinha_elite_models,Rafinha_Elite_Models,all_examples_valid,,true,male,cb_20021128_0764,false,,,false,,,,registered_only,historical_nickname_level_only,no_civil_identity_inference,"This index joins nickname-level evidence only. It does not infer civil identity, residence or private relationships."
rag_rj,RAG_RJ,all_examples_valid,,true,male,cb_20021128_0765,false,,,false,,,,registered_only,historical_nickname_level_only,no_civil_identity_inference,"This index joins nickname-level evidence only. It does not infer civil identity, residence or private relationships."
ramza,Ramza,all_examples_valid,,true,male,cb_20021128_0766,false,,,false,,,,registered_only,historical_nickname_level_only,no_civil_identity_inference,"This index joins nickname-level evidence only. It does not infer civil identity, residence or private relationships."
rapha_recreio,RaPhA_Recreio,all_examples_valid,,true,male,cb_20021128_0767,false,,,false,,,,registered_only,historical_nickname_level_only,no_civil_identity_inference,"This index joins nickname-level evidence only. It does not infer civil identity, residence or private relationships."
raphael23_rj,Raphael23_RJ,all_examples_valid,,true,male,cb_20021128_0770,false,,,false,,,,registered_only,historical_nickname_level_only,no_civil_identity_inference,"This index joins nickname-level evidence only. It does not infer civil identity, residence or private relationships."
raphael_jpa,Raphael_jpa,all_examples_valid,,true,male,cb_20021128_0768,false,,,false,,,,registered_only,historical_nickname_level_only,no_civil_identity_inference,"This index joins nickname-level evidence only. It does not infer civil identity, residence or private relationships."
raphael_raio_de_sol,Raphael_Raio_de_Sol,all_examples_valid,,true,male,cb_20021128_0769,false,,,false,,,,registered_only,historical_nickname_level_only,no_civil_identity_inference,"This index joins nickname-level evidence only. It does not infer civil identity, residence or private relationships."
raphasiqueira-jpa,"""Raphasiqueira-JPA""",no_examples_valid,"""Raphasiqueira-JPA""",true,male,cb_20021128_0022,false,,,false,,,,registered_only,historical_nickname_level_only,no_civil_identity_inference,"This index joins nickname-level evidence only. It does not infer civil identity, residence or private relationships."
ratojpa,RatoJPA,all_examples_valid,,true,male,cb_20021128_0771,false,,,false,,,,registered_only,historical_nickname_level_only,no_civil_identity_inference,"This index joins nickname-level evidence only. It does not infer civil identity, residence or private relationships."
rattinho,Rattinho,all_examples_valid,,true,male,cb_20021128_0772,false,,,false,,,,registered_only,historical_nickname_level_only,no_civil_identity_inference,"This index joins nickname-level evidence only. It does not infer civil identity, residence or private relationships."
rav_rj,RAV_RJ,all_examples_valid,,true,male,cb_20021128_0773,false,,,false,,,,registered_only,historical_nickname_level_only,no_civil_identity_inference,"This index joins nickname-level evidence only. It does not infer civil identity, residence or private relationships."
raynan,Raynan,all_examples_valid,,true,male,cb_20021128_0774,false,,,false,,,,registered_only,historical_nickname_level_only,no_civil_identity_inference,"This index joins nickname-level evidence only. It does not infer civil identity, residence or private relationships."
realloverboy_rj,RealLoverBoy RJ,no_examples_valid,RealLoverBoy RJ,true,male,cb_20021128_0775,false,,,false,,,,registered_only,historical_nickname_level_only,no_civil_identity_inference,"This index joins nickname-level evidence only. It does not infer civil identity, residence or private relationships."
realzero,RealZerO,all_examples_valid,,true,male,cb_20021128_0776,false,,,false,,,,registered_only,historical_nickname_level_only,no_civil_identity_inference,"This index joins nickname-level evidence only. It does not infer civil identity, residence or private relationships."
rebarra,ReBarra,all_examples_valid,,true,female,cb_20021128_0964,false,,,false,,,,registered_only,historical_nickname_level_only,no_civil_identity_inference,"This index joins nickname-level evidence only. It does not infer civil identity, residence or private relationships."
rebeldi,Rebeldi,all_examples_valid,,true,male,cb_20021128_0777,false,,,false,,,,registered_only,historical_nickname_level_only,no_civil_identity_inference,"This index joins nickname-level evidence only. It does not infer civil identity, residence or private relationships."
recreio_rj,RECREIO_RJ,all_examples_valid,,true,male,cb_20021128_0778,false,,,false,,,,registered_only,historical_nickname_level_only,no_civil_identity_inference,"This index joins nickname-level evidence only. It does not infer civil identity, residence or private relationships."
red_hot,red_hot,all_examples_valid,,true,male,cb_20021128_0779,false,,,false,,,,registered_only,historical_nickname_level_only,no_civil_identity_inference,"This index joins nickname-level evidence only. It does not infer civil identity, residence or private relationships."
redkobra,redkobra,all_examples_valid,,true,male,cb_20021128_0780,false,,,false,,,,registered_only,historical_nickname_level_only,no_civil_identity_inference,"This index joins nickname-level evidence only. It does not infer civil identity, residence or private relationships."
redsnake,ReDsNaKe,all_examples_valid,,true,male,cb_20021128_0781,false,,,false,,,,registered_only,historical_nickname_level_only,no_civil_identity_inference,"This index joins nickname-level evidence only. It does not infer civil identity, residence or private relationships."
reef-19,reef-19,all_examples_valid,,true,male,cb_20021128_0782,false,,,false,,,,registered_only,historical_nickname_level_only,no_civil_identity_inference,"This index joins nickname-level evidence only. It does not infer civil identity, residence or private relationships."
rei-arthur,Rei-Arthur,all_examples_valid,,false,,,false,,,true,cb_reveillon_2000_2001_post_reveillon,Canal Barra Reveillon 2000-2001 / post-Reveillon gathering,data/raw/ircontros/reveillon-2000-2001-post-reveillon.csv,ircontro_presence_only,historical_nickname_level_only,no_civil_identity_inference,"This index joins nickname-level evidence only. It does not infer civil identity, residence or private relationships."
reizinho_dj,Reizinho_DJ,all_examples_valid,,true,male,cb_20021128_0783,false,,,false,,,,registered_only,historical_nickname_level_only,no_civil_identity_inference,"This index joins nickname-level evidence only. It does not infer civil identity, residence or private relationships."
renan,Renan,all_examples_valid,,true,male,cb_20021128_0784,false,,,false,,,,registered_only,historical_nickname_level_only,no_civil_identity_inference,"This index joins nickname-level evidence only. It does not infer civil identity, residence or private relationships."
renata_palha,RENATA_PALHA,all_examples_valid,,true,female,cb_20021128_1289,false,,,false,,,,registered_only,historical_nickname_level_only,no_civil_identity_inference,"This index joins nickname-level evidence only. It does not infer civil identity, residence or private relationships."
renatocoe,renatocoe,all_examples_valid,,true,female,cb_20021128_1290,false,,,false,,,,registered_only,historical_nickname_level_only,no_civil_identity_inference,"This index joins nickname-level evidence only. It does not infer civil identity, residence or private relationships."
renaton,Renaton,all_examples_valid,,true,male,cb_20021128_0785,false,,,false,,,,registered_only,historical_nickname_level_only,no_civil_identity_inference,"This index joins nickname-level evidence only. It does not infer civil identity, residence or private relationships."
renzo-25,Renzo-25,all_examples_valid,,true,male,cb_20021128_0786,false,,,false,,,,registered_only,historical_nickname_level_only,no_civil_identity_inference,"This index joins nickname-level evidence only. It does not infer civil identity, residence or private relationships."
ric,ric_,all_examples_valid,,true,male,cb_20021128_0787,false,,,false,,,,registered_only,historical_nickname_level_only,no_civil_identity_inference,"This index joins nickname-level evidence only. It does not infer civil identity, residence or private relationships."
rick_copa,RICK_COPA,all_examples_valid,,true,male,cb_20021128_0789,false,,,false,,,,registered_only,historical_nickname_level_only,no_civil_identity_inference,"This index joins nickname-level evidence only. It does not infer civil identity, residence or private relationships."
rick_jones,Rick Jones,no_examples_valid,Rick Jones,true,male,cb_20021128_0788,false,,,false,,,,registered_only,historical_nickname_level_only,no_civil_identity_inference,"This index joins nickname-level evidence only. It does not infer civil identity, residence or private relationships."
rico,Rico,all_examples_valid,,true,male,cb_20021128_0790,false,,,false,,,,registered_only,historical_nickname_level_only,no_civil_identity_inference,"This index joins nickname-level evidence only. It does not infer civil identity, residence or private relationships."
ricow,ricow,all_examples_valid,,false,,,true,,cb_access_200012_013,false,,,,operator_only,historical_nickname_level_only,no_civil_identity_inference,"This index joins nickname-level evidence only. It does not infer civil identity, residence or private relationships."
ricow_ou_^rico^,RicoW ou ^Rico^,no_examples_valid,RicoW ou ^Rico^,true,male,cb_20021128_0791,false,,,false,,,,registered_only,historical_nickname_level_only,no_civil_identity_inference,"This index joins nickname-level evidence only. It does not infer civil identity, residence or private relationships."
rikinho,Rikinho,all_examples_valid,,true,male,cb_20021128_0792,false,,,false,,,,registered_only,historical_nickname_level_only,no_civil_identity_inference,"This index joins nickname-level evidence only. It does not infer civil identity, residence or private relationships."
rio22rjh,Rio22RJH,all_examples_valid,,true,male,cb_20021128_0793,false,,,false,,,,registered_only,historical_nickname_level_only,no_civil_identity_inference,"This index joins nickname-level evidence only. It does not infer civil identity, residence or private relationships."
riot_ou_filipee,riot ou filipee,no_examples_valid,riot ou filipee,true,male,cb_20021128_0794,false,,,false,,,,registered_only,historical_nickname_level_only,no_civil_identity_inference,"This index joins nickname-level evidence only. It does not infer civil identity, residence or private relationships."
ro_ro,Ro Ro,no_examples_valid,Ro Ro,true,male,cb_20021128_0795,false,,,false,,,,registered_only,historical_nickname_level_only,no_civil_identity_inference,"This index joins nickname-level evidence only. It does not infer civil identity, residence or private relationships."
rodrigo-barra,rodrigo-barra,all_examples_valid,,true,male,cb_20021128_0799,false,,,false,,,,registered_only,historical_nickname_level_only,no_civil_identity_inference,"This index joins nickname-level evidence only. It does not infer civil identity, residence or private relationships."
rodrigo-barra][21,Rodrigo-Barra][21,all_examples_valid,,true,male,cb_20021128_0800,false,,,false,,,,registered_only,historical_nickname_level_only,no_civil_identity_inference,"This index joins nickname-level evidence only. It does not infer civil identity, residence or private relationships."
rodrigo-recreio,Rodrigo-Recreio,all_examples_valid,,true,male,cb_20021128_0802,false,,,false,,,,registered_only,historical_nickname_level_only,no_civil_identity_inference,"This index joins nickname-level evidence only. It does not infer civil identity, residence or private relationships."
rodrigo27zs,Rodrigo27zs,all_examples_valid,,true,male,cb_20021128_0798,false,,,false,,,,registered_only,historical_nickname_level_only,no_civil_identity_inference,"This index joins nickname-level evidence only. It does not infer civil identity, residence or private relationships."
rodrigo^rj,RoDrIgO^Rj,all_examples_valid,,true,male,cb_20021128_0797,false,,,false,,,,registered_only,historical_nickname_level_only,no_civil_identity_inference,"This index joins nickname-level evidence only. It does not infer civil identity, residence or private relationships."
rodrigo_eros_26,Rodrigo Eros 26,no_examples_valid,Rodrigo Eros 26,true,male,cb_20021128_0796,false,,,false,,,,registered_only,historical_nickname_level_only,no_civil_identity_inference,"This index joins nickname-level evidence only. It does not infer civil identity, residence or private relationships."
rodrigoitagalo,rodrigoitagalo,all_examples_valid,,true,male,cb_20021128_0801,false,,,false,,,,registered_only,historical_nickname_level_only,no_civil_identity_inference,"This index joins nickname-level evidence only. It does not infer civil identity, residence or private relationships."
rodrigostoso_ugf,Rodrigostoso_ugf,all_examples_valid,,true,male,cb_20021128_0803,false,,,false,,,,registered_only,historical_nickname_level_only,no_civil_identity_inference,"This index joins nickname-level evidence only. It does not infer civil identity, residence or private relationships."
rodriguinhomeier,Rodriguinho®Méier.,no_examples_valid,Rodriguinho®Méier.,true,male,cb_20021128_0804,false,,,false,,,,registered_only,historical_nickname_level_only,no_civil_identity_inference,"This index joins nickname-level evidence only. It does not infer civil identity, residence or private relationships."
rolandgarros,RolandGarros,all_examples_valid,,true,male,cb_20021128_0805,false,,,false,,,,registered_only,historical_nickname_level_only,no_civil_identity_inference,"This index joins nickname-level evidence only. It does not infer civil identity, residence or private relationships."
romanticorj32,romanticoRJ32,all_examples_valid,,true,male,cb_20021128_0806,false,,,false,,,,registered_only,historical_nickname_level_only,no_civil_identity_inference,"This index joins nickname-level evidence only. It does not infer civil identity, residence or private relationships."
romario,ROMARIO,all_examples_valid,,true,male,cb_20021128_0807,false,,,false,,,,registered_only,historical_nickname_level_only,no_civil_identity_inference,"This index joins nickname-level evidence only. It does not infer civil identity, residence or private relationships."
romulo-m-barra,Romulo-M-BARRA,all_examples_valid,,true,male,cb_20021128_0809,false,,,false,,,,registered_only,historical_nickname_level_only,no_civil_identity_inference,"This index joins nickname-level evidence only. It does not infer civil identity, residence or private relationships."
romulobarra,romulobarra,all_examples_valid,,true,male,cb_20021128_0808,false,,,false,,,,registered_only,historical_nickname_level_only,no_civil_identity_inference,"This index joins nickname-level evidence only. It does not infer civil identity, residence or private relationships."
ronaldinhosp,Ronaldinho/SP,no_examples_valid,Ronaldinho/SP,true,male,cb_20021128_0810,false,,,false,,,,registered_only,historical_nickname_level_only,no_civil_identity_inference,"This index joins nickname-level evidence only. It does not infer civil identity, residence or private relationships."
rosinha-bb,Rosinha-bb,all_examples_valid,,true,female,cb_20021128_1291,false,,,false,,,,registered_only,historical_nickname_level_only,no_civil_identity_inference,"This index joins nickname-level evidence only. It does not infer civil identity, residence or private relationships."
ross,Ross,all_examples_valid,,true,male,cb_20021128_0811,false,,,false,,,,registered_only,historical_nickname_level_only,no_civil_identity_inference,"This index joins nickname-level evidence only. It does not infer civil identity, residence or private relationships."
russo,RUSSO,all_examples_valid,,true,male,cb_20021128_0812,false,,,false,,,,registered_only,historical_nickname_level_only,no_civil_identity_inference,"This index joins nickname-level evidence only. It does not infer civil identity, residence or private relationships."
ryan_rj,Ryan_RJ,all_examples_valid,,true,male,cb_20021128_0813,false,,,false,,,,registered_only,historical_nickname_level_only,no_civil_identity_inference,"This index joins nickname-level evidence only. It does not infer civil identity, residence or private relationships."
ryu,#***Ryu** | ***RYU***,no_examples_valid,#***Ryu** | ***RYU***,true,male,cb_20021128_0023 | cb_20021128_0025,false,,,false,,,,registered_only,historical_nickname_level_only,no_civil_identity_inference,"This index joins nickname-level evidence only. It does not infer civil identity, residence or private relationships."
salva-vidas,SALVA-VIDAS,all_examples_valid,,true,male,cb_20021128_0815,false,,,false,,,,registered_only,historical_nickname_level_only,no_civil_identity_inference,"This index joins nickname-level evidence only. It does not infer civil identity, residence or private relationships."
samantha_rj,Samantha_rj,all_examples_valid,,true,female,cb_20021128_1292,false,,,false,,,,registered_only,historical_nickname_level_only,no_civil_identity_inference,"This index joins nickname-level evidence only. It does not infer civil identity, residence or private relationships."
samuca,SAMUCA,all_examples_valid,,true,male,cb_20021128_0816,false,,,false,,,,registered_only,historical_nickname_level_only,no_civil_identity_inference,"This index joins nickname-level evidence only. It does not infer civil identity, residence or private relationships."
samuca_de_cueca,SaMuCa_De_CuEcA,all_examples_valid,,true,male,cb_20021128_0817,false,,,false,,,,registered_only,historical_nickname_level_only,no_civil_identity_inference,"This index joins nickname-level evidence only. It does not infer civil identity, residence or private relationships."
samy_kiedis,SamY_KieDiS,all_examples_valid,,true,female,cb_20021128_1293,false,,,false,,,,registered_only,historical_nickname_level_only,no_civil_identity_inference,"This index joins nickname-level evidence only. It does not infer civil identity, residence or private relationships."
sandro_rj27,sandro_rj27,all_examples_valid,,true,male,cb_20021128_0818,false,,,false,,,,registered_only,historical_nickname_level_only,no_civil_identity_inference,"This index joins nickname-level evidence only. It does not infer civil identity, residence or private relationships."
santiago_do_clam,Santiago_do_ClaM,all_examples_valid,,true,male,cb_20021128_0819,false,,,false,,,,registered_only,historical_nickname_level_only,no_civil_identity_inference,"This index joins nickname-level evidence only. It does not infer civil identity, residence or private relationships."
santinha_de_piercing,Santinha_de_Piercing,all_examples_valid,,true,female,cb_20021128_1294,false,,,false,,,,registered_only,historical_nickname_level_only,no_civil_identity_inference,"This index joins nickname-level evidence only. It does not infer civil identity, residence or private relationships."
santoforte-rj,SantoForte-RJ,all_examples_valid,,true,male,cb_20021128_0820,false,,,false,,,,registered_only,historical_nickname_level_only,no_civil_identity_inference,"This index joins nickname-level evidence only. It does not infer civil identity, residence or private relationships."
sara-basktera,SARA-BASKTERA,all_examples_valid,,true,female,cb_20021128_1295,false,,,false,,,,registered_only,historical_nickname_level_only,no_civil_identity_inference,"This index joins nickname-level evidence only. It does not infer civil identity, residence or private relationships."
saradao-barra,Saradao-barra,all_examples_valid,,true,male,cb_20021128_0821,false,,,false,,,,registered_only,historical_nickname_level_only,no_civil_identity_inference,"This index joins nickname-level evidence only. It does not infer civil identity, residence or private relationships."
saradinho_barra,Saradinho_Barra,all_examples_valid,,true,male,cb_20021128_0822,false,,,false,,,,registered_only,historical_nickname_level_only,no_civil_identity_inference,"This index joins nickname-level evidence only. It does not infer civil identity, residence or private relationships."
saradinho_rj,Saradinho_RJ_,all_examples_valid,,true,male,cb_20021128_0823,false,,,false,,,,registered_only,historical_nickname_level_only,no_civil_identity_inference,"This index joins nickname-level evidence only. It does not infer civil identity, residence or private relationships."
sarado_do_meier,*_SaRaDo_Do_MeIeR_* | SaRaDo_Do_MeIeR,mixed_examples,*_SaRaDo_Do_MeIeR_*,true,male,cb_20021128_0027 | cb_20021128_0825,false,,,false,,,,registered_only,historical_nickname_level_only,no_civil_identity_inference,"This index joins nickname-level evidence only. It does not infer civil identity, residence or private relationships."
sarado_gato,sarado gato,no_examples_valid,sarado gato,true,male,cb_20021128_0824,false,,,false,,,,registered_only,historical_nickname_level_only,no_civil_identity_inference,"This index joins nickname-level evidence only. It does not infer civil identity, residence or private relationships."
saradourca,saradoURCA,all_examples_valid,,true,male,cb_20021128_0826,false,,,false,,,,registered_only,historical_nickname_level_only,no_civil_identity_inference,"This index joins nickname-level evidence only. It does not infer civil identity, residence or private relationships."
scavernoso,scavernoso,all_examples_valid,,true,male,cb_20021128_0827,false,,,false,,,,registered_only,historical_nickname_level_only,no_civil_identity_inference,"This index joins nickname-level evidence only. It does not infer civil identity, residence or private relationships."
scoobyy,Scoobyy,all_examples_valid,,true,male,cb_20021128_0828,false,,,false,,,,registered_only,historical_nickname_level_only,no_civil_identity_inference,"This index joins nickname-level evidence only. It does not infer civil identity, residence or private relationships."
scorpion,scorpion,all_examples_valid,,true,male,cb_20021128_0829,false,,,false,,,,registered_only,historical_nickname_level_only,no_civil_identity_inference,"This index joins nickname-level evidence only. It does not infer civil identity, residence or private relationships."
sebastian_ci,Sebastian_CI,all_examples_valid,,true,male,cb_20021128_0830,false,,,false,,,,registered_only,historical_nickname_level_only,no_civil_identity_inference,"This index joins nickname-level evidence only. It does not infer civil identity, residence or private relationships."
secretdreams,SecretDreams,all_examples_valid,,true,male,cb_20021128_0831,false,,,false,,,,registered_only,historical_nickname_level_only,no_civil_identity_inference,"This index joins nickname-level evidence only. It does not infer civil identity, residence or private relationships."
sedutor,sedutor,all_examples_valid,,true,male,cb_20021128_0832,false,,,false,,,,registered_only,historical_nickname_level_only,no_civil_identity_inference,"This index joins nickname-level evidence only. It does not infer civil identity, residence or private relationships."
selvagem,selvagem,all_examples_valid,,true,female,cb_20021128_1296,false,,,false,,,,registered_only,historical_nickname_level_only,no_civil_identity_inference,"This index joins nickname-level evidence only. It does not infer civil identity, residence or private relationships."
sereia,SEREIA,all_examples_valid,,true,female,cb_20021128_1297,false,,,false,,,,registered_only,historical_nickname_level_only,no_civil_identity_inference,"This index joins nickname-level evidence only. It does not infer civil identity, residence or private relationships."
serial_killer,Serial Killer,no_examples_valid,Serial Killer,true,male,cb_20021128_0833,false,,,false,,,,registered_only,historical_nickname_level_only,no_civil_identity_inference,"This index joins nickname-level evidence only. It does not infer civil identity, residence or private relationships."
serrote,serrote,all_examples_valid,,true,male,cb_20021128_0834,false,,,false,,,,registered_only,historical_nickname_level_only,no_civil_identity_inference,"This index joins nickname-level evidence only. It does not infer civil identity, residence or private relationships."
seu_creysson_com_eco,SEU_CREYSSON_COM_ECO,all_examples_valid,,true,male,cb_20021128_0835,false,,,false,,,,registered_only,historical_nickname_level_only,no_civil_identity_inference,"This index joins nickname-level evidence only. It does not infer civil identity, residence or private relationships."
shacal,SHACAL,all_examples_valid,,true,male,cb_20021128_0836,false,,,false,,,,registered_only,historical_nickname_level_only,no_civil_identity_inference,"This index joins nickname-level evidence only. It does not infer civil identity, residence or private relationships."
shagrath_barra,Shagrath_Barra,all_examples_valid,,true,male,cb_20021128_0837,false,,,false,,,,registered_only,historical_nickname_level_only,no_civil_identity_inference,"This index joins nickname-level evidence only. It does not infer civil identity, residence or private relationships."
shark_rio,SHARK_RIO,all_examples_valid,,true,male,cb_20021128_0838,false,,,false,,,,registered_only,historical_nickname_level_only,no_civil_identity_inference,"This index joins nickname-level evidence only. It does not infer civil identity, residence or private relationships."
shaw_27,Shaw_27,all_examples_valid,,true,male,cb_20021128_0839,false,,,false,,,,registered_only,historical_nickname_level_only,no_civil_identity_inference,"This index joins nickname-level evidence only. It does not infer civil identity, residence or private relationships."
sheha,SheHa,all_examples_valid,,true,female,cb_20021128_1298,false,,,false,,,,registered_only,historical_nickname_level_only,no_civil_identity_inference,"This index joins nickname-level evidence only. It does not infer civil identity, residence or private relationships."
silver[tape],Silver[tape],all_examples_valid,,true,male,cb_20021128_0840,false,,,false,,,,registered_only,historical_nickname_level_only,no_civil_identity_inference,"This index joins nickname-level evidence only. It does not infer civil identity, residence or private relationships."
sim_h,Sim_h,all_examples_valid,,true,male,cb_20021128_0841,false,,,false,,,,registered_only,historical_nickname_level_only,no_civil_identity_inference,"This index joins nickname-level evidence only. It does not infer civil identity, residence or private relationships."
skatablau,skatablau,all_examples_valid,,true,male,cb_20021128_0842,false,,,false,,,,registered_only,historical_nickname_level_only,no_civil_identity_inference,"This index joins nickname-level evidence only. It does not infer civil identity, residence or private relationships."
skater,skater,all_examples_valid,,true,male,cb_20021128_0843,false,,,false,,,,registered_only,historical_nickname_level_only,no_civil_identity_inference,"This index joins nickname-level evidence only. It does not infer civil identity, residence or private relationships."
slack_rj,slack_rj,all_examples_valid,,true,male,cb_20021128_0844,false,,,false,,,,registered_only,historical_nickname_level_only,no_civil_identity_inference,"This index joins nickname-level evidence only. It does not infer civil identity, residence or private relationships."
slash-rj,SLASH-RJ,all_examples_valid,,true,male,cb_20021128_0845,false,,,false,,,,registered_only,historical_nickname_level_only,no_civil_identity_inference,"This index joins nickname-level evidence only. It does not infer civil identity, residence or private relationships."
slater-rio,Slater-Rio,all_examples_valid,,true,male,cb_20021128_0846,false,,,false,,,,registered_only,historical_nickname_level_only,no_civil_identity_inference,"This index joins nickname-level evidence only. It does not infer civil identity, residence or private relationships."
sma,sma,all_examples_valid,,true,male,cb_20021128_0847,false,,,false,,,,registered_only,historical_nickname_level_only,no_civil_identity_inference,"This index joins nickname-level evidence only. It does not infer civil identity, residence or private relationships."
sneez,Sneez,all_examples_valid,,true,male,cb_20021128_0848,false,,,false,,,,registered_only,historical_nickname_level_only,no_civil_identity_inference,"This index joins nickname-level evidence only. It does not infer civil identity, residence or private relationships."
sol,sol,all_examples_valid,,true,female,cb_20021128_1299,false,,,false,,,,registered_only,historical_nickname_level_only,no_civil_identity_inference,"This index joins nickname-level evidence only. It does not infer civil identity, residence or private relationships."
son_gotem,SON GOTEM,no_examples_valid,SON GOTEM,true,male,cb_20021128_0849,false,,,false,,,,registered_only,historical_nickname_level_only,no_civil_identity_inference,"This index joins nickname-level evidence only. It does not infer civil identity, residence or private relationships."
soneca-farol,soneca-farol,all_examples_valid,,false,,,true,,cb_access_200012_016,false,,,,operator_only,historical_nickname_level_only,no_civil_identity_inference,"This index joins nickname-level evidence only. It does not infer civil identity, residence or private relationships."
soneca_farol,Soneca_Farol,all_examples_valid,,true,male,cb_20021128_0012,false,,,false,,,,registered_only,historical_nickname_level_only,no_civil_identity_inference,"This index joins nickname-level evidence only. It does not infer civil identity, residence or private relationships."
sosso,SoSSo,all_examples_valid,,true,male,cb_20021128_0850,false,,,false,,,,registered_only,historical_nickname_level_only,no_civil_identity_inference,"This index joins nickname-level evidence only. It does not infer civil identity, residence or private relationships."
soundbass_rj,SoundBaSs_RJ,all_examples_valid,,true,male,cb_20021128_0851,false,,,false,,,,registered_only,historical_nickname_level_only,no_civil_identity_inference,"This index joins nickname-level evidence only. It does not infer civil identity, residence or private relationships."
spice_invader,SPICE_Invader,all_examples_valid,,false,,,false,,,true,cb_reveillon_2000_2001_post_reveillon,Canal Barra Reveillon 2000-2001 / post-Reveillon gathering,data/raw/ircontros/reveillon-2000-2001-post-reveillon.csv,ircontro_presence_only,historical_nickname_level_only,no_civil_identity_inference,"This index joins nickname-level evidence only. It does not infer civil identity, residence or private relationships."
spyman,Spyman,all_examples_valid,,true,male,cb_20021128_0852,false,,,false,,,,registered_only,historical_nickname_level_only,no_civil_identity_inference,"This index joins nickname-level evidence only. It does not infer civil identity, residence or private relationships."
srdo_rio,S@R@DO_Rio,no_examples_valid,S@R@DO_Rio,true,male,cb_20021128_0814,false,,,false,,,,registered_only,historical_nickname_level_only,no_civil_identity_inference,"This index joins nickname-level evidence only. It does not infer civil identity, residence or private relationships."
ssele_recreio,SSele_Recreio,all_examples_valid,,true,female,cb_20021128_1300,false,,,false,,,,registered_only,historical_nickname_level_only,no_civil_identity_inference,"This index joins nickname-level evidence only. It does not infer civil identity, residence or private relationships."
stompy,StompY,all_examples_valid,,true,male,cb_20021128_0853,false,,,false,,,,registered_only,historical_nickname_level_only,no_civil_identity_inference,"This index joins nickname-level evidence only. It does not infer civil identity, residence or private relationships."
sufocador|cpm-275|,SuFoCaDoR|CPM-275|,all_examples_valid,,true,male,cb_20021128_0854,false,,,false,,,,registered_only,historical_nickname_level_only,no_civil_identity_inference,"This index joins nickname-level evidence only. It does not infer civil identity, residence or private relationships."
sunny,sunny,all_examples_valid,,true,male,cb_20021128_0855,false,,,false,,,,registered_only,historical_nickname_level_only,no_civil_identity_inference,"This index joins nickname-level evidence only. It does not infer civil identity, residence or private relationships."
sunrick,SUNRICk,all_examples_valid,,true,male,cb_20021128_0856,false,,,false,,,,registered_only,historical_nickname_level_only,no_civil_identity_inference,"This index joins nickname-level evidence only. It does not infer civil identity, residence or private relationships."
sunrico,SUNRICO,all_examples_valid,,true,male,cb_20021128_0857,false,,,false,,,,registered_only,historical_nickname_level_only,no_civil_identity_inference,"This index joins nickname-level evidence only. It does not infer civil identity, residence or private relationships."
super-bruno,SUPER-BRUNO,all_examples_valid,,true,male,cb_20021128_0858,false,,,false,,,,registered_only,historical_nickname_level_only,no_civil_identity_inference,"This index joins nickname-level evidence only. It does not infer civil identity, residence or private relationships."
super_chata,Super_Chata,all_examples_valid,,true,female,cb_20021128_1301,false,,,false,,,,registered_only,historical_nickname_level_only,no_civil_identity_inference,"This index joins nickname-level evidence only. It does not infer civil identity, residence or private relationships."
superhomem-rj,SUPERHOMEM-RJ,all_examples_valid,,true,male,cb_20021128_0013,false,,,false,,,,registered_only,historical_nickname_level_only,no_civil_identity_inference,"This index joins nickname-level evidence only. It does not infer civil identity, residence or private relationships."
superpoderosa-rj,SUPERPODEROSA-RJ,all_examples_valid,,true,female,cb_20021128_1303,false,,,false,,,,registered_only,historical_nickname_level_only,no_civil_identity_inference,"This index joins nickname-level evidence only. It does not infer civil identity, residence or private relationships."
superpoderosa_rj,SUPERPODEROSA_RJ,all_examples_valid,,true,female,cb_20021128_1302,false,,,false,,,,registered_only,historical_nickname_level_only,no_civil_identity_inference,"This index joins nickname-level evidence only. It does not infer civil identity, residence or private relationships."
supersoni,SuperSoni,all_examples_valid,,true,male,cb_20021128_0859,false,,,false,,,,registered_only,historical_nickname_level_only,no_civil_identity_inference,"This index joins nickname-level evidence only. It does not infer civil identity, residence or private relationships."
surfboysp21a,SurfboySP21a,all_examples_valid,,true,male,cb_20021128_0860,false,,,false,,,,registered_only,historical_nickname_level_only,no_civil_identity_inference,"This index joins nickname-level evidence only. It does not infer civil identity, residence or private relationships."
surfer_rj,Surfer_RJ,all_examples_valid,,true,male,cb_20021128_0861,false,,,false,,,,registered_only,historical_nickname_level_only,no_civil_identity_inference,"This index joins nickname-level evidence only. It does not infer civil identity, residence or private relationships."
surffer,Surffer,all_examples_valid,,true,male,cb_20021128_0862,false,,,false,,,,registered_only,historical_nickname_level_only,no_civil_identity_inference,"This index joins nickname-level evidence only. It does not infer civil identity, residence or private relationships."
surfista-rjpa,Surfista-RJpa,all_examples_valid,,true,male,cb_20021128_0868,false,,,false,,,,registered_only,historical_nickname_level_only,no_civil_identity_inference,"This index joins nickname-level evidence only. It does not infer civil identity, residence or private relationships."
surfista_19,Surfista_19 | surfista_19,all_examples_valid,,true,male,cb_20021128_0863 | cb_20021128_0864,false,,,false,,,,registered_only,historical_nickname_level_only,no_civil_identity_inference,"This index joins nickname-level evidence only. It does not infer civil identity, residence or private relationships."
surfista_de_alma,Surfista_De_Alma,all_examples_valid,,true,male,cb_20021128_0865,false,,,false,,,,registered_only,historical_nickname_level_only,no_civil_identity_inference,"This index joins nickname-level evidence only. It does not infer civil identity, residence or private relationships."
surfista_de_areia,surfista_de_areia,all_examples_valid,,true,male,cb_20021128_0866,false,,,false,,,,registered_only,historical_nickname_level_only,no_civil_identity_inference,"This index joins nickname-level evidence only. It does not infer civil identity, residence or private relationships."
surfista_lunar,Surfista_Lunar,all_examples_valid,,true,male,cb_20021128_0867,false,,,false,,,,registered_only,historical_nickname_level_only,no_civil_identity_inference,"This index joins nickname-level evidence only. It does not infer civil identity, residence or private relationships."
susanches,SuSaNChEs,all_examples_valid,,true,female,cb_20021128_1304,false,,,false,,,,registered_only,historical_nickname_level_only,no_civil_identity_inference,"This index joins nickname-level evidence only. It does not infer civil identity, residence or private relationships."
susie-rj,Susie-Rj,all_examples_valid,,true,female,cb_20021128_1305,false,,,false,,,,registered_only,historical_nickname_level_only,no_civil_identity_inference,"This index joins nickname-level evidence only. It does not infer civil identity, residence or private relationships."
swell,Swell,all_examples_valid,,true,male,cb_20021128_0869,false,,,false,,,,registered_only,historical_nickname_level_only,no_civil_identity_inference,"This index joins nickname-level evidence only. It does not infer civil identity, residence or private relationships."
syang,Syang,all_examples_valid,,true,female,cb_20021128_1306,false,,,false,,,,registered_only,historical_nickname_level_only,no_civil_identity_inference,"This index joins nickname-level evidence only. It does not infer civil identity, residence or private relationships."
t-bone|barra,T-Bone|Barra | t-bone|barra,all_examples_valid,,true,male,cb_20021128_0878,true,,cb_access_200012_010,false,,,,registered_operator,historical_nickname_level_only,no_civil_identity_inference,"This index joins nickname-level evidence only. It does not infer civil identity, residence or private relationships."
t0a_t0a,T0A_T0A,all_examples_valid,,true,male,cb_20021128_0870,false,,,false,,,,registered_only,historical_nickname_level_only,no_civil_identity_inference,"This index joins nickname-level evidence only. It does not infer civil identity, residence or private relationships."
tadeu_lopes,tadeu lopes,no_examples_valid,tadeu lopes,true,male,cb_20021128_0871,false,,,false,,,,registered_only,historical_nickname_level_only,no_civil_identity_inference,"This index joins nickname-level evidence only. It does not infer civil identity, residence or private relationships."
taradinho_21,Taradinho_21,all_examples_valid,,true,male,cb_20021128_0872,false,,,false,,,,registered_only,historical_nickname_level_only,no_civil_identity_inference,"This index joins nickname-level evidence only. It does not infer civil identity, residence or private relationships."
tas2002,TAS2002,all_examples_valid,,true,male,cb_20021128_0873,false,,,false,,,,registered_only,historical_nickname_level_only,no_civil_identity_inference,"This index joins nickname-level evidence only. It does not infer civil identity, residence or private relationships."
tata,tata,all_examples_valid,,true,female,cb_20021128_1307,false,,,false,,,,registered_only,historical_nickname_level_only,no_civil_identity_inference,"This index joins nickname-level evidence only. It does not infer civil identity, residence or private relationships."
tata_recreio,TATA_RECREIO,all_examples_valid,,true,female,cb_20021128_1308,false,,,false,,,,registered_only,historical_nickname_level_only,no_civil_identity_inference,"This index joins nickname-level evidence only. It does not infer civil identity, residence or private relationships."
tati_bananinha,TATi_BANANiNHA,all_examples_valid,,true,female,cb_20021128_1309,false,,,false,,,,registered_only,historical_nickname_level_only,no_civil_identity_inference,"This index joins nickname-level evidence only. It does not infer civil identity, residence or private relationships."
tati_nana,Tati_Nana,all_examples_valid,,true,female,cb_20021128_1310,false,,,false,,,,registered_only,historical_nickname_level_only,no_civil_identity_inference,"This index joins nickname-level evidence only. It does not infer civil identity, residence or private relationships."
tato,TATO,all_examples_valid,,true,male,cb_20021128_0874,false,,,false,,,,registered_only,historical_nickname_level_only,no_civil_identity_inference,"This index joins nickname-level evidence only. It does not infer civil identity, residence or private relationships."
taty-recreio,Taty-Recreio,all_examples_valid,,true,female,cb_20021128_1311,false,,,false,,,,registered_only,historical_nickname_level_only,no_civil_identity_inference,"This index joins nickname-level evidence only. It does not infer civil identity, residence or private relationships."
tauuuuule,TAUUUUULE,all_examples_valid,,true,male,cb_20021128_0875,false,,,false,,,,registered_only,historical_nickname_level_only,no_civil_identity_inference,"This index joins nickname-level evidence only. It does not infer civil identity, residence or private relationships."
tavinho_17_foto,TaViNhO_17_FOTO,all_examples_valid,,true,male,cb_20021128_0876,false,,,false,,,,registered_only,historical_nickname_level_only,no_civil_identity_inference,"This index joins nickname-level evidence only. It does not infer civil identity, residence or private relationships."
taz__devil,taz__devil,all_examples_valid,,true,male,cb_20021128_0877,false,,,false,,,,registered_only,historical_nickname_level_only,no_civil_identity_inference,"This index joins nickname-level evidence only. It does not infer civil identity, residence or private relationships."
tchutchuca_vila-isabel_icq,TcHuTcHuCa_VILA-ISABEL_ICQ,all_examples_valid,,true,female,cb_20021128_1312,false,,,false,,,,registered_only,historical_nickname_level_only,no_civil_identity_inference,"This index joins nickname-level evidence only. It does not infer civil identity, residence or private relationships."
teco-barra,teco-barra,all_examples_valid,,true,male,cb_20021128_0880,false,,,false,,,,registered_only,historical_nickname_level_only,no_civil_identity_inference,"This index joins nickname-level evidence only. It does not infer civil identity, residence or private relationships."
teco23,Teco23,all_examples_valid,,true,male,cb_20021128_0879,false,,,false,,,,registered_only,historical_nickname_level_only,no_civil_identity_inference,"This index joins nickname-level evidence only. It does not infer civil identity, residence or private relationships."
teka,Teka,all_examples_valid,,true,female,cb_20021128_1313,false,,,false,,,,registered_only,historical_nickname_level_only,no_civil_identity_inference,"This index joins nickname-level evidence only. It does not infer civil identity, residence or private relationships."
telma,TELMA,all_examples_valid,,true,female,cb_20021128_1314,false,,,false,,,,registered_only,historical_nickname_level_only,no_civil_identity_inference,"This index joins nickname-level evidence only. It does not infer civil identity, residence or private relationships."
thadeu_ipa,Thadeu_Ipa,all_examples_valid,,true,male,cb_20021128_0881,false,,,false,,,,registered_only,historical_nickname_level_only,no_civil_identity_inference,"This index joins nickname-level evidence only. It does not infer civil identity, residence or private relationships."
thaisrj,ThaisRJ,all_examples_valid,,true,female,cb_20021128_1315,false,,,false,,,,registered_only,historical_nickname_level_only,no_civil_identity_inference,"This index joins nickname-level evidence only. It does not infer civil identity, residence or private relationships."
thata_barra,ThAtA_BARRA,all_examples_valid,,true,female,cb_20021128_1316,false,,,false,,,,registered_only,historical_nickname_level_only,no_civil_identity_inference,"This index joins nickname-level evidence only. It does not infer civil identity, residence or private relationships."
thays}}15,ThayS}}15,all_examples_valid,,true,female,cb_20021128_1317,false,,,false,,,,registered_only,historical_nickname_level_only,no_civil_identity_inference,"This index joins nickname-level evidence only. It does not infer civil identity, residence or private relationships."
the_badboy-photo,The_BadBoy-Photo,all_examples_valid,,true,male,cb_20021128_0884,false,,,false,,,,registered_only,historical_nickname_level_only,no_civil_identity_inference,"This index joins nickname-level evidence only. It does not infer civil identity, residence or private relationships."
the_crow_jpa,The_Crow_Jpa,all_examples_valid,,true,male,cb_20021128_0885,false,,,false,,,,registered_only,historical_nickname_level_only,no_civil_identity_inference,"This index joins nickname-level evidence only. It does not infer civil identity, residence or private relationships."
the_hunter,The Hunter,no_examples_valid,The Hunter,true,male,cb_20021128_0882,false,,,false,,,,registered_only,historical_nickname_level_only,no_civil_identity_inference,"This index joins nickname-level evidence only. It does not infer civil identity, residence or private relationships."
the_king_of_hell,The_King_of_Hell,all_examples_valid,,true,male,cb_20021128_0886,false,,,false,,,,registered_only,historical_nickname_level_only,no_civil_identity_inference,"This index joins nickname-level evidence only. It does not infer civil identity, residence or private relationships."
the_saint,THe SaiNT,no_examples_valid,THe SaiNT,true,male,cb_20021128_0883,false,,,false,,,,registered_only,historical_nickname_level_only,no_civil_identity_inference,"This index joins nickname-level evidence only. It does not infer civil identity, residence or private relationships."
theshadow,TheShadow,all_examples_valid,,true,male,cb_20021128_0887,false,,,false,,,,registered_only,historical_nickname_level_only,no_civil_identity_inference,"This index joins nickname-level evidence only. It does not infer civil identity, residence or private relationships."
thiagao,thiagao,all_examples_valid,,true,male,cb_20021128_0888,false,,,false,,,,registered_only,historical_nickname_level_only,no_civil_identity_inference,"This index joins nickname-level evidence only. It does not infer civil identity, residence or private relationships."
thiago,Thiago,all_examples_valid,,true,male,cb_20021128_0889,false,,,false,,,,registered_only,historical_nickname_level_only,no_civil_identity_inference,"This index joins nickname-level evidence only. It does not infer civil identity, residence or private relationships."
thiago_barra_ufrj,Thiago_Barra_UFRJ,all_examples_valid,,true,male,cb_20021128_0890,false,,,false,,,,registered_only,historical_nickname_level_only,no_civil_identity_inference,"This index joins nickname-level evidence only. It does not infer civil identity, residence or private relationships."
thiago_du_pan,ThIaGo_du_PaN,all_examples_valid,,true,male,cb_20021128_0891,false,,,false,,,,registered_only,historical_nickname_level_only,no_civil_identity_inference,"This index joins nickname-level evidence only. It does not infer civil identity, residence or private relationships."
thiagopozzato,ThiagoPozzato,all_examples_valid,,true,male,cb_20021128_0892,false,,,false,,,,registered_only,historical_nickname_level_only,no_civil_identity_inference,"This index joins nickname-level evidence only. It does not infer civil identity, residence or private relationships."
thiamat,THIAMAT,all_examples_valid,,true,male,cb_20021128_0893,false,,,false,,,,registered_only,historical_nickname_level_only,no_civil_identity_inference,"This index joins nickname-level evidence only. It does not infer civil identity, residence or private relationships."
thiara_recreio,ThIaRa_ReCrEiO,all_examples_valid,,true,female,cb_20021128_1318,false,,,false,,,,registered_only,historical_nickname_level_only,no_civil_identity_inference,"This index joins nickname-level evidence only. It does not infer civil identity, residence or private relationships."
thico,Thico,all_examples_valid,,true,male,cb_20021128_0894,false,,,false,,,,registered_only,historical_nickname_level_only,no_civil_identity_inference,"This index joins nickname-level evidence only. It does not infer civil identity, residence or private relationships."
thiffany,Thiffany,all_examples_valid,,true,female,cb_20021128_1319,false,,,false,,,,registered_only,historical_nickname_level_only,no_civil_identity_inference,"This index joins nickname-level evidence only. It does not infer civil identity, residence or private relationships."
tiago19zs,Tiago19zs,all_examples_valid,,true,male,cb_20021128_0895,false,,,false,,,,registered_only,historical_nickname_level_only,no_civil_identity_inference,"This index joins nickname-level evidence only. It does not infer civil identity, residence or private relationships."
tico-p2,TICO-P2,all_examples_valid,,true,male,cb_20021128_0896,false,,,false,,,,registered_only,historical_nickname_level_only,no_civil_identity_inference,"This index joins nickname-level evidence only. It does not infer civil identity, residence or private relationships."
tieh,TIEH,all_examples_valid,,true,male,cb_20021128_0897,false,,,false,,,,registered_only,historical_nickname_level_only,no_civil_identity_inference,"This index joins nickname-level evidence only. It does not infer civil identity, residence or private relationships."
tig3r,TiG3r,all_examples_valid,,true,male,cb_20021128_0898,false,,,false,,,,registered_only,historical_nickname_level_only,no_civil_identity_inference,"This index joins nickname-level evidence only. It does not infer civil identity, residence or private relationships."
tigo,Tigo,all_examples_valid,,true,male,cb_20021128_0899,false,,,false,,,,registered_only,historical_nickname_level_only,no_civil_identity_inference,"This index joins nickname-level evidence only. It does not infer civil identity, residence or private relationships."
tigo_19_marrentinho,TiGo_19_Marrentinho,all_examples_valid,,true,male,cb_20021128_0900,false,,,false,,,,registered_only,historical_nickname_level_only,no_civil_identity_inference,"This index joins nickname-level evidence only. It does not infer civil identity, residence or private relationships."
tigrao_da_barra,Tigrao_da_Barra,all_examples_valid,,true,male,cb_20021128_0901,false,,,false,,,,registered_only,historical_nickname_level_only,no_civil_identity_inference,"This index joins nickname-level evidence only. It does not infer civil identity, residence or private relationships."
tigraoo,tigraoo,all_examples_valid,,true,male,cb_20021128_0902,false,,,false,,,,registered_only,historical_nickname_level_only,no_civil_identity_inference,"This index joins nickname-level evidence only. It does not infer civil identity, residence or private relationships."
tigresa_barra,Tigresa_Barra | tigresa_barra,all_examples_valid,,true,female,cb_20021128_0959,true,,cb_access_200012_022,false,,,,registered_operator,historical_nickname_level_only,no_civil_identity_inference,"This index joins nickname-level evidence only. It does not infer civil identity, residence or private relationships."
tiiigooo,TiiiGooo,all_examples_valid,,true,male,cb_20021128_0903,false,,,false,,,,registered_only,historical_nickname_level_only,no_civil_identity_inference,"This index joins nickname-level evidence only. It does not infer civil identity, residence or private relationships."
timid_girl,timid_girl,all_examples_valid,,true,female,cb_20021128_1320,false,,,false,,,,registered_only,historical_nickname_level_only,no_civil_identity_inference,"This index joins nickname-level evidence only. It does not infer civil identity, residence or private relationships."
timida17_recreio,Timida17_RECREIO,all_examples_valid,,true,female,cb_20021128_1321,false,,,false,,,,registered_only,historical_nickname_level_only,no_civil_identity_inference,"This index joins nickname-level evidence only. It does not infer civil identity, residence or private relationships."
tinhow_tricolor_gloria,Tinhow_Tricolor_Glória,no_examples_valid,Tinhow_Tricolor_Glória,true,male,cb_20021128_0904,false,,,false,,,,registered_only,historical_nickname_level_only,no_civil_identity_inference,"This index joins nickname-level evidence only. It does not infer civil identity, residence or private relationships."
tininha,tininha,all_examples_valid,,true,female,cb_20021128_1322,false,,,false,,,,registered_only,historical_nickname_level_only,no_civil_identity_inference,"This index joins nickname-level evidence only. It does not infer civil identity, residence or private relationships."
titu,titu,all_examples_valid,,true,male,cb_20021128_0905,false,,,false,,,,registered_only,historical_nickname_level_only,no_civil_identity_inference,"This index joins nickname-level evidence only. It does not infer civil identity, residence or private relationships."
toddynho_elite,Toddynho_Elite,all_examples_valid,,true,male,cb_20021128_0906,false,,,false,,,,registered_only,historical_nickname_level_only,no_civil_identity_inference,"This index joins nickname-level evidence only. It does not infer civil identity, residence or private relationships."
tom_del0nge_182,ToM_DeL0NgE_182,all_examples_valid,,true,male,cb_20021128_0907,false,,,false,,,,registered_only,historical_nickname_level_only,no_civil_identity_inference,"This index joins nickname-level evidence only. It does not infer civil identity, residence or private relationships."
tomcruise,TomCruise_,all_examples_valid,,true,male,cb_20021128_0908,false,,,false,,,,registered_only,historical_nickname_level_only,no_civil_identity_inference,"This index joins nickname-level evidence only. It does not infer civil identity, residence or private relationships."
tonny_recreio,ToNnY_ReCrEiO,all_examples_valid,,true,male,cb_20021128_0909,false,,,false,,,,registered_only,historical_nickname_level_only,no_civil_identity_inference,"This index joins nickname-level evidence only. It does not infer civil identity, residence or private relationships."
tonypenha,TonyPENHA,all_examples_valid,,true,male,cb_20021128_0910,false,,,false,,,,registered_only,historical_nickname_level_only,no_civil_identity_inference,"This index joins nickname-level evidence only. It does not infer civil identity, residence or private relationships."
tow,Tow,all_examples_valid,,true,male,cb_20021128_0911,false,,,false,,,,registered_only,historical_nickname_level_only,no_civil_identity_inference,"This index joins nickname-level evidence only. It does not infer civil identity, residence or private relationships."
transeunte,Transeunte,all_examples_valid,,true,male,cb_20021128_0912,false,,,false,,,,registered_only,historical_nickname_level_only,no_civil_identity_inference,"This index joins nickname-level evidence only. It does not infer civil identity, residence or private relationships."
treko,TrEkO,all_examples_valid,,true,male,cb_20021128_0913,false,,,false,,,,registered_only,historical_nickname_level_only,no_civil_identity_inference,"This index joins nickname-level evidence only. It does not infer civil identity, residence or private relationships."
trovao-rj,Trovao-RJ,all_examples_valid,,true,male,cb_20021128_0914,false,,,false,,,,registered_only,historical_nickname_level_only,no_civil_identity_inference,"This index joins nickname-level evidence only. It does not infer civil identity, residence or private relationships."
trovaumzinha_loka,TrOvAuMzInHa_LoKa,all_examples_valid,,true,female,cb_20021128_1323,false,,,false,,,,registered_only,historical_nickname_level_only,no_civil_identity_inference,"This index joins nickname-level evidence only. It does not infer civil identity, residence or private relationships."
usher,Usher,all_examples_valid,,true,male,cb_20021128_0915,false,,,false,,,,registered_only,historical_nickname_level_only,no_civil_identity_inference,"This index joins nickname-level evidence only. It does not infer civil identity, residence or private relationships."
ushertatoo,UsherTatoo,all_examples_valid,,true,male,cb_20021128_0916,false,,,false,,,,registered_only,historical_nickname_level_only,no_civil_identity_inference,"This index joins nickname-level evidence only. It does not infer civil identity, residence or private relationships."
uvinha_rj,Uvinha_RJ,all_examples_valid,,true,female,cb_20021128_1324,false,,,false,,,,registered_only,historical_nickname_level_only,no_civil_identity_inference,"This index joins nickname-level evidence only. It does not infer civil identity, residence or private relationships."
val,Val,all_examples_valid,,true,female,cb_20021128_1325,false,,,false,,,,registered_only,historical_nickname_level_only,no_civil_identity_inference,"This index joins nickname-level evidence only. It does not infer civil identity, residence or private relationships."
valente,valente,all_examples_valid,,true,male,cb_20021128_0917,false,,,false,,,,registered_only,historical_nickname_level_only,no_civil_identity_inference,"This index joins nickname-level evidence only. It does not infer civil identity, residence or private relationships."
van_damme-rj,Van_Damme-RJ,all_examples_valid,,true,male,cb_20021128_0918,false,,,false,,,,registered_only,historical_nickname_level_only,no_civil_identity_inference,"This index joins nickname-level evidence only. It does not infer civil identity, residence or private relationships."
vaness1nha,VaNeSs1nHa,all_examples_valid,,true,female,cb_20021128_1326,false,,,false,,,,registered_only,historical_nickname_level_only,no_civil_identity_inference,"This index joins nickname-level evidence only. It does not infer civil identity, residence or private relationships."
vanessinha,VaNeSsInHa,all_examples_valid,,true,female,cb_20021128_1327,false,,,false,,,,registered_only,historical_nickname_level_only,no_civil_identity_inference,"This index joins nickname-level evidence only. It does not infer civil identity, residence or private relationships."
vanyyyyyyyyyy,VANYYYYYYYYYY,all_examples_valid,,true,female,cb_20021128_1328,false,,,false,,,,registered_only,historical_nickname_level_only,no_civil_identity_inference,"This index joins nickname-level evidence only. It does not infer civil identity, residence or private relationships."
vanzan,VaNZaN | vanzan,all_examples_valid,,true,male,cb_20021128_0014,true,,cb_access_200012_017,false,,,,registered_operator,historical_nickname_level_only,no_civil_identity_inference,"This index joins nickname-level evidence only. It does not infer civil identity, residence or private relationships."
vascaino-rj,Vascaino-RJ,all_examples_valid,,true,male,cb_20021128_0919,false,,,false,,,,registered_only,historical_nickname_level_only,no_civil_identity_inference,"This index joins nickname-level evidence only. It does not infer civil identity, residence or private relationships."
vergalha,Vergalha,all_examples_valid,,true,female,cb_20021128_1329,false,,,false,,,,registered_only,historical_nickname_level_only,no_civil_identity_inference,"This index joins nickname-level evidence only. It does not infer civil identity, residence or private relationships."
vicente-rj,Vicente-RJ,all_examples_valid,,true,male,cb_20021128_0920,false,,,false,,,,registered_only,historical_nickname_level_only,no_civil_identity_inference,"This index joins nickname-level evidence only. It does not infer civil identity, residence or private relationships."
victor__rj2,victor__RJ2,all_examples_valid,,true,male,cb_20021128_0921,false,,,false,,,,registered_only,historical_nickname_level_only,no_civil_identity_inference,"This index joins nickname-level evidence only. It does not infer civil identity, residence or private relationships."
victor_barra,ViCtOr_BaRrA,all_examples_valid,,true,male,cb_20021128_0922,false,,,false,,,,registered_only,historical_nickname_level_only,no_civil_identity_inference,"This index joins nickname-level evidence only. It does not infer civil identity, residence or private relationships."
vida_dotu_na_davi,VIDA_DOTU_NA_DAVI,all_examples_valid,,true,female,cb_20021128_1330,false,,,false,,,,registered_only,historical_nickname_level_only,no_civil_identity_inference,"This index joins nickname-level evidence only. It does not infer civil identity, residence or private relationships."
vija,Vija,all_examples_valid,,true,female,cb_20021128_1331,false,,,false,,,,registered_only,historical_nickname_level_only,no_civil_identity_inference,"This index joins nickname-level evidence only. It does not infer civil identity, residence or private relationships."
vinicius_leblon,Vinicius_Leblon,all_examples_valid,,true,male,cb_20021128_0923,false,,,false,,,,registered_only,historical_nickname_level_only,no_civil_identity_inference,"This index joins nickname-level evidence only. It does not infer civil identity, residence or private relationships."
vinny-barra,Vinny-Barra | vinny-barra,all_examples_valid,,true,male,cb_20021128_0924,true,,cb_access_200012_018,false,,,,registered_operator,historical_nickname_level_only,no_civil_identity_inference,"This index joins nickname-level evidence only. It does not infer civil identity, residence or private relationships."
vinny-rj,Vinny-RJ,all_examples_valid,,true,male,cb_20021128_0925,false,,,false,,,,registered_only,historical_nickname_level_only,no_civil_identity_inference,"This index joins nickname-level evidence only. It does not infer civil identity, residence or private relationships."
vitaz,®VITAZ®,no_examples_valid,®VITAZ®,true,male,cb_20021128_0080,false,,,false,,,,registered_only,historical_nickname_level_only,no_civil_identity_inference,"This index joins nickname-level evidence only. It does not infer civil identity, residence or private relationships."
vitinh0,Vitinh0,all_examples_valid,,true,male,cb_20021128_0926,false,,,false,,,,registered_only,historical_nickname_level_only,no_civil_identity_inference,"This index joins nickname-level evidence only. It does not infer civil identity, residence or private relationships."
vitor,Vitor,all_examples_valid,,true,male,cb_20021128_0927,false,,,false,,,,registered_only,historical_nickname_level_only,no_civil_identity_inference,"This index joins nickname-level evidence only. It does not infer civil identity, residence or private relationships."
vitorb,VitorB,all_examples_valid,,true,male,cb_20021128_0928,false,,,false,,,,registered_only,historical_nickname_level_only,no_civil_identity_inference,"This index joins nickname-level evidence only. It does not infer civil identity, residence or private relationships."
vivi_mo_gatinha,ViVi_Mo_GAtInhA,all_examples_valid,,true,female,cb_20021128_1332,false,,,false,,,,registered_only,historical_nickname_level_only,no_civil_identity_inference,"This index joins nickname-level evidence only. It does not infer civil identity, residence or private relationships."
vivi_sozinha_gcp,Vivi_Sozinha_GcP,all_examples_valid,,true,female,cb_20021128_1333,false,,,false,,,,registered_only,historical_nickname_level_only,no_civil_identity_inference,"This index joins nickname-level evidence only. It does not infer civil identity, residence or private relationships."
wacool,Wacool,all_examples_valid,,true,male,cb_20021128_0929,false,,,false,,,,registered_only,historical_nickname_level_only,no_civil_identity_inference,"This index joins nickname-level evidence only. It does not infer civil identity, residence or private relationships."
wagnner,WaGnNeR,all_examples_valid,,true,male,cb_20021128_0930,false,,,false,,,,registered_only,historical_nickname_level_only,no_civil_identity_inference,"This index joins nickname-level evidence only. It does not infer civil identity, residence or private relationships."
wakkorj,wakkoRJ,all_examples_valid,,true,male,cb_20021128_0931,false,,,false,,,,registered_only,historical_nickname_level_only,no_civil_identity_inference,"This index joins nickname-level evidence only. It does not infer civil identity, residence or private relationships."
waterhand,waterhand,all_examples_valid,,false,,,true,,cb_access_200012_011,false,,,,operator_only,historical_nickname_level_only,no_civil_identity_inference,"This index joins nickname-level evidence only. It does not infer civil identity, residence or private relationships."
web_ninja,Web_Ninja,all_examples_valid,,true,male,cb_20021128_0932,false,,,false,,,,registered_only,historical_nickname_level_only,no_civil_identity_inference,"This index joins nickname-level evidence only. It does not infer civil identity, residence or private relationships."
well__ou_rtimm,Well_ ou Rtimm,no_examples_valid,Well_ ou Rtimm,true,male,cb_20021128_0933,false,,,false,,,,registered_only,historical_nickname_level_only,no_civil_identity_inference,"This index joins nickname-level evidence only. It does not infer civil identity, residence or private relationships."
wert,WerT,all_examples_valid,,true,male,cb_20021128_0934,false,,,false,,,,registered_only,historical_nickname_level_only,no_civil_identity_inference,"This index joins nickname-level evidence only. It does not infer civil identity, residence or private relationships."
will,Will,all_examples_valid,,true,male,cb_20021128_0935,false,,,false,,,,registered_only,historical_nickname_level_only,no_civil_identity_inference,"This index joins nickname-level evidence only. It does not infer civil identity, residence or private relationships."
wolverinetf,Wolverinetf,all_examples_valid,,true,male,cb_20021128_0936,false,,,false,,,,registered_only,historical_nickname_level_only,no_civil_identity_inference,"This index joins nickname-level evidence only. It does not infer civil identity, residence or private relationships."
woman_catbarra19,woman cat**Barra/19,no_examples_valid,woman cat**Barra/19,true,female,cb_20021128_1334,false,,,false,,,,registered_only,historical_nickname_level_only,no_civil_identity_inference,"This index joins nickname-level evidence only. It does not infer civil identity, residence or private relationships."
x_nessinha_kim_x,x_Nessinha_Kim_x,all_examples_valid,,true,female,cb_20021128_1335,false,,,false,,,,registered_only,historical_nickname_level_only,no_civil_identity_inference,"This index joins nickname-level evidence only. It does not infer civil identity, residence or private relationships."
xande-rj,XANDE-RJ,all_examples_valid,,true,male,cb_20021128_0937,false,,,false,,,,registered_only,historical_nickname_level_only,no_civil_identity_inference,"This index joins nickname-level evidence only. It does not infer civil identity, residence or private relationships."
xarope-tyf,XaRoPe-TyF,all_examples_valid,,true,male,cb_20021128_0938,false,,,false,,,,registered_only,historical_nickname_level_only,no_civil_identity_inference,"This index joins nickname-level evidence only. It does not infer civil identity, residence or private relationships."
xd4niel,XD4NIEL,all_examples_valid,,true,male,cb_20021128_0939,false,,,false,,,,registered_only,historical_nickname_level_only,no_civil_identity_inference,"This index joins nickname-level evidence only. It does not infer civil identity, residence or private relationships."
xocopinho_elite,Xocopinho_Elite,all_examples_valid,,true,male,cb_20021128_0940,false,,,false,,,,registered_only,historical_nickname_level_only,no_civil_identity_inference,"This index joins nickname-level evidence only. It does not infer civil identity, residence or private relationships."
yayazinha,YaYaZiNhA,all_examples_valid,,true,female,cb_20021128_1336,false,,,false,,,,registered_only,historical_nickname_level_only,no_civil_identity_inference,"This index joins nickname-level evidence only. It does not infer civil identity, residence or private relationships."
yuri_rj,Yuri_RJ,all_examples_valid,,true,male,cb_20021128_0941,false,,,false,,,,registered_only,historical_nickname_level_only,no_civil_identity_inference,"This index joins nickname-level evidence only. It does not infer civil identity, residence or private relationships."
z-e-r-o------,Z-E-R-O------,all_examples_valid,,true,male,cb_20021128_0946,false,,,false,,,,registered_only,historical_nickname_level_only,no_civil_identity_inference,"This index joins nickname-level evidence only. It does not infer civil identity, residence or private relationships."
zarahi,zarahi,all_examples_valid,,true,male,cb_20021128_0942,false,,,false,,,,registered_only,historical_nickname_level_only,no_civil_identity_inference,"This index joins nickname-level evidence only. It does not infer civil identity, residence or private relationships."
zarza-e1-21,ZARZA-E1-21,all_examples_valid,,true,male,cb_20021128_0943,false,,,false,,,,registered_only,historical_nickname_level_only,no_civil_identity_inference,"This index joins nickname-level evidence only. It does not infer civil identity, residence or private relationships."
zauli,ZAULI,all_examples_valid,,true,male,cb_20021128_0944,false,,,false,,,,registered_only,historical_nickname_level_only,no_civil_identity_inference,"This index joins nickname-level evidence only. It does not infer civil identity, residence or private relationships."
zemaria,zemaria,all_examples_valid,,true,male,cb_20021128_0945,false,,,false,,,,registered_only,historical_nickname_level_only,no_civil_identity_inference,"This index joins nickname-level evidence only. It does not infer civil identity, residence or private relationships."
zeus_rj,ZEUS RJ | Zeus_RJ,mixed_examples,ZEUS RJ,true,male,cb_20021128_0947 | cb_20021128_0948,false,,,false,,,,registered_only,historical_nickname_level_only,no_civil_identity_inference,"This index joins nickname-level evidence only. It does not infer civil identity, residence or private relationships."
zig19-barra,ZIG19-Barra,all_examples_valid,,true,male,cb_20021128_0949,false,,,false,,,,registered_only,historical_nickname_level_only,no_civil_identity_inference,"This index joins nickname-level evidence only. It does not infer civil identity, residence or private relationships."
zimmermann,_ZIMMERMANN_,all_examples_valid,,true,male,cb_20021128_0062,false,,,false,,,,registered_only,historical_nickname_level_only,no_civil_identity_inference,"This index joins nickname-level evidence only. It does not infer civil identity, residence or private relationships."
zzz_tato_gato,zzz TATO_GATO!!!!,no_examples_valid,zzz TATO_GATO!!!!,true,male,cb_20021128_0950,false,,,false,,,,registered_only,historical_nickname_level_only,no_civil_identity_inference,"This index joins nickname-level evidence only. It does not infer civil identity, residence or private relationships."
{anjo_loiro},{Anjo_Loiro},all_examples_valid,,true,male,cb_20021128_0063,false,,,false,,,,registered_only,historical_nickname_level_only,no_civil_identity_inference,"This index joins nickname-level evidence only. It does not infer civil identity, residence or private relationships."
{biane},{BIANE},all_examples_valid,,true,female,cb_20021128_0992,false,,,false,,,,registered_only,historical_nickname_level_only,no_civil_identity_inference,"This index joins nickname-level evidence only. It does not infer civil identity, residence or private relationships."
{cari0ca},{Cari0ca},all_examples_valid,,true,male,cb_20021128_0064,false,,,false,,,,registered_only,historical_nickname_level_only,no_civil_identity_inference,"This index joins nickname-level evidence only. It does not infer civil identity, residence or private relationships."
{giselinha-barra},{Giselinha-Barra},all_examples_valid,,true,female,cb_20021128_0993,false,,,false,,,,registered_only,historical_nickname_level_only,no_civil_identity_inference,"This index joins nickname-level evidence only. It does not infer civil identity, residence or private relationships."
{hanna},{Hanna},all_examples_valid,,true,female,cb_20021128_0994,false,,,false,,,,registered_only,historical_nickname_level_only,no_civil_identity_inference,"This index joins nickname-level evidence only. It does not infer civil identity, residence or private relationships."
{{carlinha}},{{carlinha}},all_examples_valid,,true,female,cb_20021128_0991,false,,,false,,,,registered_only,historical_nickname_level_only,no_civil_identity_inference,"This index joins nickname-level evidence only. It does not infer civil identity, residence or private relationships."
|-thor-|,|-THOR-|,all_examples_valid,,true,male,cb_20021128_0074,false,,,false,,,,registered_only,historical_nickname_level_only,no_civil_identity_inference,"This index joins nickname-level evidence only. It does not infer civil identity, residence or private relationships."
|_raphael_|,|_Raphael_|,all_examples_valid,,true,male,cb_20021128_0065,false,,,false,,,,registered_only,historical_nickname_level_only,no_civil_identity_inference,"This index joins nickname-level evidence only. It does not infer civil identity, residence or private relationships."
|anjo_carinhoso|,|AnJo_CaRiNhOsO|,all_examples_valid,,true,male,cb_20021128_0067,false,,,false,,,,registered_only,historical_nickname_level_only,no_civil_identity_inference,"This index joins nickname-level evidence only. It does not infer civil identity, residence or private relationships."
|carolzinha|,|carolzinha|,all_examples_valid,,false,,,true,,cb_access_200012_019,false,,,,operator_only,historical_nickname_level_only,no_civil_identity_inference,"This index joins nickname-level evidence only. It does not infer civil identity, residence or private relationships."
|catatau|,|CaTaTaU|,all_examples_valid,,true,male,cb_20021128_0068,false,,,false,,,,registered_only,historical_nickname_level_only,no_civil_identity_inference,"This index joins nickname-level evidence only. It does not infer civil identity, residence or private relationships."
|garotacarioca|,|GarotaCarioca|,all_examples_valid,,true,female,cb_20021128_0997,false,,,false,,,,registered_only,historical_nickname_level_only,no_civil_identity_inference,"This index joins nickname-level evidence only. It does not infer civil identity, residence or private relationships."
|helena|,|HeLeNa|,all_examples_valid,,true,female,cb_20021128_0998,false,,,false,,,,registered_only,historical_nickname_level_only,no_civil_identity_inference,"This index joins nickname-level evidence only. It does not infer civil identity, residence or private relationships."
|july_recreio|,|July_Recreio|,all_examples_valid,,true,female,cb_20021128_0999,false,,,false,,,,registered_only,historical_nickname_level_only,no_civil_identity_inference,"This index joins nickname-level evidence only. It does not infer civil identity, residence or private relationships."
|leandro|,|Leandro|,all_examples_valid,,true,male,cb_20021128_0069,false,,,false,,,,registered_only,historical_nickname_level_only,no_civil_identity_inference,"This index joins nickname-level evidence only. It does not infer civil identity, residence or private relationships."
|mad|,|Mad|,all_examples_valid,,false,,,true,,cb_access_200012_006,false,,,,operator_only,historical_nickname_level_only,no_civil_identity_inference,"This index joins nickname-level evidence only. It does not infer civil identity, residence or private relationships."
|mafi0s0|,|MaFi0s0|,all_examples_valid,,true,male,cb_20021128_0070,false,,,false,,,,registered_only,historical_nickname_level_only,no_civil_identity_inference,"This index joins nickname-level evidence only. It does not infer civil identity, residence or private relationships."
|mickey|,|Mickey|,all_examples_valid,,true,male,cb_20021128_0071,false,,,false,,,,registered_only,historical_nickname_level_only,no_civil_identity_inference,"This index joins nickname-level evidence only. It does not infer civil identity, residence or private relationships."
|patife|,|PATIFE|,all_examples_valid,,true,male,cb_20021128_0072,false,,,false,,,,registered_only,historical_nickname_level_only,no_civil_identity_inference,"This index joins nickname-level evidence only. It does not infer civil identity, residence or private relationships."
|ricardinho|,|Ricardinho|,all_examples_valid,,true,male,cb_20021128_0021,false,,,false,,,,registered_only,historical_nickname_level_only,no_civil_identity_inference,"This index joins nickname-level evidence only. It does not infer civil identity, residence or private relationships."
|rogue|,|Rogue|,all_examples_valid,,true,male,cb_20021128_0073,false,,,false,,,,registered_only,historical_nickname_level_only,no_civil_identity_inference,"This index joins nickname-level evidence only. It does not infer civil identity, residence or private relationships."
|ryan|,|Ryan|,all_examples_valid,,true,male,cb_20021128_0015,false,,,false,,,,registered_only,historical_nickname_level_only,no_civil_identity_inference,"This index joins nickname-level evidence only. It does not infer civil identity, residence or private relationships."
|teka|,|TeKa|,all_examples_valid,,true,female,cb_20021128_1000,false,,,false,,,,registered_only,historical_nickname_level_only,no_civil_identity_inference,"This index joins nickname-level evidence only. It does not infer civil identity, residence or private relationships."
|wakko|,|Wakko|,all_examples_valid,,true,male,cb_20021128_0075,false,,,false,,,,registered_only,historical_nickname_level_only,no_civil_identity_inference,"This index joins nickname-level evidence only. It does not infer civil identity, residence or private relationships."
||leleco||rosas||,||LeLeCo||RoSaS||,all_examples_valid,,true,male,cb_20021128_0066,false,,,false,,,,registered_only,historical_nickname_level_only,no_civil_identity_inference,"This index joins nickname-level evidence only. It does not infer civil identity, residence or private relationships."
||malandrinha||,||MaLaNdRiNhA||,all_examples_valid,,true,female,cb_20021128_0996,false,,,false,,,,registered_only,historical_nickname_level_only,no_civil_identity_inference,"This index joins nickname-level evidence only. It does not infer civil identity, residence or private relationships."
|||bruna|||,|||Bruna|||,all_examples_valid,,true,female,cb_20021128_0995,false,,,false,,,,registered_only,historical_nickname_level_only,no_civil_identity_inference,"This index joins nickname-level evidence only. It does not infer civil identity, residence or private relationships."
